id,sender,receiver,status,created_at,updated_at
1,U1605D,U989S,['accepted'],2021-03-18 06:08:57,2022-12-09 14:23:48
2,U461U,ORG1515,['pending'],2020-08-13 06:49:20,2022-09-09 17:51:14
3,U2622U,U3998F,['rejected'],2020-10-26 12:26:22,2023-08-22 21:32:14
4,U1953A,ORG2436,['accepted'],2023-08-10 04:00:50,2024-02-18 05:08:48
5,U3336K,ORG3133,['pending'],2020-07-19 08:53:54,2021-06-11 07:55:19
6,U1218Y,ORG012,['accepted'],2023-01-03 07:20:17,2024-10-21 20:15:36
7,U217D,ORG907,['accepted'],2023-10-05 12:07:57,2024-04-09 04:55:06
8,U1160G,U1323F,['accepted'],2024-12-18 11:09:18,2024-12-25 22:06:42
9,U428O,U395A,['pending'],2021-03-07 21:36:00,2023-06-21 14:53:00
10,U673W,U2197V,['pending'],2024-07-16 15:17:47,2024-12-02 22:16:21
11,U3085Z,U2310V,['pending'],2024-12-22 15:33:08,2024-12-25 20:26:22
12,U324A,U2717P,['pending'],2024-03-17 05:11:10,2024-08-02 14:10:58
13,U1701W,ORG1428,['accepted'],2024-11-12 04:42:11,2024-12-25 21:26:05
14,U982K,ORG1206,['pending'],2022-12-24 21:05:17,2023-01-19 04:09:18
15,U3440P,U074O,['rejected'],2022-09-11 09:39:00,2024-07-11 17:46:54
16,U768U,U060L,['accepted'],2024-03-24 16:58:57,2024-04-23 15:14:39
17,U913R,ORG031,['accepted'],2020-12-20 17:13:26,2021-11-02 21:24:13
18,U3933A,ORG2198,['pending'],2023-01-20 00:43:19,2024-01-25 12:45:40
19,U1455N,U2666M,['pending'],2023-11-25 05:39:21,2024-03-09 17:02:47
20,U1401O,U2688J,['accepted'],2021-11-24 01:26:16,2023-10-22 18:21:36
21,U952T,ORG3462,['pending'],2023-12-26 22:26:19,2024-01-15 22:58:44
22,U3161M,U3813K,['pending'],2024-11-21 11:43:51,2024-12-14 00:09:38
23,U3631I,ORG1907,['pending'],2021-03-11 03:47:16,2024-01-28 09:13:40
24,U1959A,ORG3422,['accepted'],2023-01-14 21:53:47,2024-11-28 16:06:37
25,U3964F,U2251C,['pending'],2022-11-16 04:29:56,2023-02-28 00:21:44
26,U3474Q,ORG2819,['pending'],2024-06-26 01:24:23,2024-08-12 00:21:24
27,U242Z,ORG1985,['accepted'],2020-01-16 16:37:36,2023-07-09 17:34:46
28,U738A,U1507R,['accepted'],2023-04-19 02:13:13,2024-11-07 06:39:05
29,U644Y,ORG087,['accepted'],2020-05-27 14:17:48,2022-06-26 21:29:40
30,U2120M,U2102E,['accepted'],2021-12-15 00:11:01,2022-01-26 01:57:26
31,U1258O,ORG933,['rejected'],2023-03-09 18:57:06,2024-02-02 20:58:43
32,U2527O,U2203T,['accepted'],2023-05-02 18:46:39,2023-08-20 07:53:10
33,U3863T,ORG116,['accepted'],2022-08-08 16:16:21,2023-07-22 01:35:23
34,U2136V,U544U,['accepted'],2021-12-29 16:28:02,2024-11-19 11:30:19
35,U1226P,ORG2728,['accepted'],2021-04-22 09:04:13,2022-08-27 18:16:12
36,U1499J,ORG1916,['accepted'],2022-08-17 09:36:58,2024-11-26 19:02:28
37,U3922Z,U1805E,['accepted'],2022-09-27 09:15:39,2023-08-20 02:31:23
38,U211I,U1438Y,['rejected'],2023-12-18 15:50:33,2024-01-10 08:06:20
39,U2483M,ORG1272,['pending'],2020-11-10 17:29:58,2022-10-06 20:11:38
40,U3981R,ORG1363,['accepted'],2021-04-04 13:19:09,2022-03-13 05:13:19
41,U1304I,ORG693,['pending'],2024-12-27 06:48:34,2024-12-28 02:04:54
42,U2324R,ORG190,['pending'],2020-02-01 16:42:24,2023-02-22 07:00:35
43,U733I,ORG823,['pending'],2024-03-04 04:20:25,2024-09-21 16:45:59
44,U1711S,ORG2068,['accepted'],2024-03-06 07:22:40,2024-05-27 02:15:26
45,U1443W,U2559E,['pending'],2021-02-17 11:39:01,2023-12-25 06:18:21
46,U3902A,U2176N,['pending'],2023-09-20 17:45:11,2024-04-02 09:44:13
47,U1256B,U2805U,['pending'],2020-05-07 06:17:27,2021-07-01 22:49:34
48,U2675J,U224I,['pending'],2023-05-22 18:25:55,2023-12-09 04:10:19
49,U1099M,U864V,['pending'],2020-06-05 13:25:52,2020-08-14 10:18:26
50,U1133K,ORG2112,['pending'],2020-02-27 17:31:42,2023-02-21 16:12:44
51,U317O,ORG1461,['accepted'],2022-05-03 08:49:54,2023-05-07 01:47:53
52,U2529A,ORG702,['pending'],2022-01-13 15:54:40,2022-11-15 22:44:47
53,U851P,U857Z,['pending'],2021-11-20 09:50:59,2023-12-28 07:00:42
54,U2167Y,U772D,['accepted'],2022-06-23 02:06:40,2022-12-04 19:20:56
55,U3521U,U980T,['pending'],2023-05-27 08:42:32,2023-05-29 10:48:06
56,U3185R,ORG1296,['pending'],2021-02-08 10:58:12,2024-05-22 06:02:40
57,U410R,U1291W,['accepted'],2023-02-23 04:53:55,2023-03-30 05:44:56
58,U729L,U1239M,['rejected'],2023-03-08 03:38:31,2024-02-15 15:43:19
59,U3262B,U229W,['pending'],2024-11-02 02:52:19,2024-11-21 07:13:35
60,U1608F,U3403L,['accepted'],2020-01-06 19:35:41,2023-09-21 14:06:59
61,U1533F,ORG1789,['pending'],2022-12-12 17:11:33,2023-03-12 17:06:53
62,U2172Y,ORG2687,['accepted'],2024-06-01 21:02:33,2024-07-10 06:41:18
63,U3172R,ORG1797,['accepted'],2024-05-25 20:39:48,2024-12-01 20:25:19
64,U1859Y,U2366E,['accepted'],2020-09-06 12:43:57,2024-02-23 19:05:08
65,U3047R,ORG627,['accepted'],2022-11-25 22:54:27,2024-11-08 14:48:36
66,U3283O,U3876U,['accepted'],2023-10-06 05:27:42,2024-01-30 17:39:36
67,U524G,U3936X,['pending'],2022-05-12 04:12:00,2023-08-28 04:48:04
68,U1047N,ORG1987,['accepted'],2020-09-05 23:44:37,2022-12-14 08:05:37
69,U449W,ORG945,['accepted'],2021-10-23 22:07:15,2022-12-07 00:37:52
70,U1282J,U3115F,['rejected'],2021-11-25 17:02:38,2024-10-02 02:43:49
71,U1072B,ORG3183,['accepted'],2022-06-27 16:53:16,2024-08-09 16:38:14
72,U696E,U3648H,['accepted'],2020-07-06 22:33:37,2021-03-20 11:06:21
73,U2250W,ORG777,['accepted'],2022-03-19 19:03:46,2023-05-05 10:55:20
74,U2175O,U735A,['rejected'],2020-12-07 03:04:07,2021-12-08 13:34:24
75,U1980C,U2679D,['pending'],2024-03-03 02:35:09,2024-05-20 07:42:44
76,U590H,ORG116,['accepted'],2024-07-10 04:29:46,2024-10-29 08:51:01
77,U2706I,ORG758,['accepted'],2021-11-14 23:50:44,2022-01-01 01:25:04
78,U2950E,U1841R,['pending'],2022-05-10 02:04:13,2022-10-21 20:03:21
79,U730Y,U948I,['rejected'],2023-12-09 22:19:23,2024-05-12 16:59:20
80,U3893R,ORG2245,['accepted'],2020-02-01 20:05:34,2022-08-01 22:50:33
81,U3524S,U2942G,['pending'],2020-11-23 00:53:14,2023-06-30 19:36:45
82,U3966B,U492S,['rejected'],2023-01-09 09:19:16,2024-07-16 11:23:32
83,U2506K,U2334X,['rejected'],2020-08-11 15:05:16,2023-10-29 21:33:56
84,U870Z,U3588C,['pending'],2023-02-03 02:44:41,2023-10-21 18:46:19
85,U2473Y,U1001F,['accepted'],2020-10-04 13:54:23,2024-01-29 04:27:03
86,U2014G,ORG851,['pending'],2024-06-20 19:24:41,2024-08-15 22:53:24
87,U1833G,U735A,['rejected'],2022-06-11 10:20:10,2023-02-09 10:11:55
88,U2267U,U3808I,['accepted'],2020-12-26 00:55:44,2024-05-18 08:55:30
89,U2512T,U1694G,['pending'],2020-07-25 01:44:49,2021-02-24 19:31:15
90,U3900G,ORG2448,['pending'],2021-04-29 16:38:11,2021-11-03 15:59:28
91,U2609C,ORG3385,['pending'],2024-09-25 01:34:47,2024-12-21 01:03:12
92,U2951Z,ORG1797,['accepted'],2024-12-15 11:45:11,2024-12-19 10:58:05
93,U3336K,ORG2888,['rejected'],2023-06-23 17:15:25,2024-06-13 13:20:14
94,U498M,U3598S,['accepted'],2021-05-29 10:53:20,2023-11-18 01:33:54
95,U2977Y,U3946U,['pending'],2023-11-10 18:19:30,2024-09-06 06:41:09
96,U3334B,ORG1992,['pending'],2024-07-12 21:52:44,2024-08-31 13:10:36
97,U3838V,ORG511,['accepted'],2020-05-02 04:57:06,2023-03-27 19:05:28
98,U711T,U2687Z,['rejected'],2023-10-06 04:08:25,2024-10-13 00:10:18
99,U1949L,ORG2352,['accepted'],2021-11-13 02:58:11,2024-03-21 05:19:50
100,U2077F,U1914C,['pending'],2020-10-02 20:02:10,2022-10-13 02:25:19
101,U2463B,U3185R,['accepted'],2021-11-09 04:51:02,2021-11-10 17:33:17
102,U1807B,U3026Z,['pending'],2020-07-18 10:14:31,2024-05-26 08:04:17
103,U2404H,U3258G,['accepted'],2024-02-29 21:16:06,2024-08-29 15:22:43
104,U3457K,U3843S,['accepted'],2020-02-24 02:39:40,2021-01-17 02:16:56
105,U3013I,ORG1514,['pending'],2022-07-18 00:34:33,2024-12-12 02:06:59
106,U1059L,ORG3719,['accepted'],2021-04-05 12:19:55,2022-12-13 00:13:11
107,U2425I,ORG3543,['rejected'],2023-01-06 12:48:37,2024-11-20 14:36:59
108,U2984N,U2352P,['pending'],2021-06-22 22:21:47,2022-06-03 23:08:50
109,U366J,U2627L,['pending'],2020-08-03 18:46:54,2022-08-08 12:48:56
110,U1584H,U074O,['accepted'],2022-12-13 12:22:21,2024-07-07 17:42:20
111,U957X,ORG276,['pending'],2021-04-12 20:05:02,2024-08-13 17:57:48
112,U2215M,U2256O,['pending'],2020-07-16 07:36:07,2020-11-18 18:11:53
113,U827Q,ORG3425,['rejected'],2022-04-10 05:46:06,2023-02-18 19:35:35
114,U3067F,U644Y,['rejected'],2023-04-24 02:37:22,2023-12-15 12:36:16
115,U1816Z,ORG3124,['pending'],2023-09-10 11:17:29,2024-08-05 02:04:45
116,U3455N,U3529D,['rejected'],2020-10-27 19:40:47,2021-05-29 03:17:16
117,U467Z,U1519A,['rejected'],2021-04-10 19:13:42,2022-01-11 07:54:33
118,U1206S,ORG278,['accepted'],2021-05-06 09:46:45,2024-01-16 07:13:35
119,U2350D,ORG1311,['accepted'],2023-06-11 10:51:12,2023-12-12 12:58:01
120,U2233X,U2106D,['accepted'],2021-01-22 21:28:53,2023-09-23 18:52:31
121,U1873W,ORG3873,['accepted'],2023-09-13 20:47:21,2024-06-16 12:45:33
122,U137J,U2163H,['accepted'],2023-08-23 22:11:35,2024-08-31 17:35:16
123,U3075P,U3168H,['accepted'],2021-08-21 09:44:18,2024-01-07 09:36:33
124,U1527V,U2252Q,['rejected'],2024-11-25 00:47:27,2024-12-14 10:18:54
125,U2027T,U852L,['accepted'],2020-05-31 21:20:19,2024-07-03 05:04:21
126,U3475N,U3470J,['accepted'],2022-03-26 06:56:53,2023-05-23 10:29:46
127,U2536I,U2891B,['accepted'],2024-11-15 11:53:39,2024-12-10 05:40:19
128,U2467I,U1360T,['pending'],2023-01-19 04:20:37,2024-11-01 18:18:58
129,U2088J,ORG633,['accepted'],2023-11-20 19:02:32,2023-12-21 05:11:38
130,U3065T,U1194V,['pending'],2021-11-02 00:46:58,2022-11-22 16:29:25
131,U1547C,U3793H,['accepted'],2023-07-23 03:14:17,2024-12-12 07:12:00
132,U3837M,U2072S,['accepted'],2023-02-20 15:33:15,2024-01-13 04:58:28
133,U1110Q,ORG3106,['rejected'],2024-01-10 06:15:05,2024-09-10 19:03:06
134,U1532T,U3503X,['pending'],2024-12-20 12:54:53,2024-12-22 03:39:40
135,U2692H,ORG2206,['accepted'],2023-06-06 17:30:49,2024-05-07 11:27:31
136,U776T,U2668G,['accepted'],2023-10-07 20:21:05,2024-04-22 00:12:30
137,U2348H,ORG3224,['pending'],2023-12-19 03:34:31,2024-02-06 13:09:40
138,U2379L,ORG1051,['accepted'],2024-06-02 13:03:52,2024-06-26 13:47:46
139,U3918Z,U1829V,['pending'],2024-09-28 04:07:34,2024-10-15 23:45:44
140,U1696Y,U1023G,['accepted'],2023-06-21 20:37:27,2024-06-05 04:01:52
141,U1499J,U3230X,['accepted'],2021-09-21 15:19:14,2022-02-24 11:40:27
142,U2770O,U1299C,['accepted'],2022-09-21 19:13:58,2024-02-04 07:04:46
143,U1639J,ORG1171,['accepted'],2022-06-23 05:19:27,2024-11-11 10:28:09
144,U3198Y,ORG1630,['accepted'],2021-02-07 11:40:22,2021-05-10 03:56:28
145,U2784J,U884F,['pending'],2022-08-25 03:22:13,2024-08-11 03:48:48
146,U775A,U1797H,['accepted'],2023-01-08 02:07:10,2024-06-22 12:55:59
147,U1412Z,ORG1558,['rejected'],2022-07-31 03:33:48,2022-10-28 06:40:14
148,U2537F,ORG2259,['pending'],2022-11-24 19:53:01,2023-01-12 15:05:42
149,U2547U,ORG368,['pending'],2020-09-08 09:02:33,2024-05-01 17:38:32
150,U547W,ORG2796,['accepted'],2022-02-05 10:37:03,2022-09-12 23:11:39
151,U1745M,ORG3812,['accepted'],2024-09-20 18:51:21,2024-10-29 04:15:39
152,U211I,ORG2339,['pending'],2024-12-11 00:04:19,2024-12-25 03:19:37
153,U2585R,ORG1324,['rejected'],2022-09-27 12:52:05,2022-11-12 23:16:29
154,U1559K,ORG1347,['pending'],2023-06-09 16:46:25,2023-11-16 12:55:51
155,U144W,ORG1961,['pending'],2024-10-28 16:56:58,2024-11-25 09:09:21
156,U3911B,ORG3155,['accepted'],2024-09-05 02:04:16,2024-10-13 03:21:48
157,U1613G,ORG3324,['accepted'],2022-02-24 09:30:30,2024-08-24 05:10:22
158,U3951X,U416K,['pending'],2023-06-23 20:11:58,2024-06-17 11:41:27
159,U095E,ORG2715,['accepted'],2024-05-06 11:06:57,2024-06-10 17:38:25
160,U3001J,ORG3821,['accepted'],2020-01-18 04:12:24,2021-03-20 18:10:56
161,U3102M,U2166N,['pending'],2023-01-13 06:44:08,2023-05-08 10:02:46
162,U2830O,U251Z,['pending'],2024-11-26 14:44:31,2024-12-13 08:17:24
163,U278L,U1559K,['pending'],2023-04-05 05:29:10,2024-02-15 07:54:46
164,U1271A,ORG2127,['accepted'],2024-01-18 02:16:29,2024-03-25 10:38:17
165,U2091M,ORG969,['pending'],2024-07-12 04:01:50,2024-09-30 06:09:08
166,U368Q,ORG3044,['pending'],2023-01-07 08:55:26,2024-03-17 22:46:47
167,U2881R,U1832D,['accepted'],2022-11-24 01:53:12,2024-04-07 09:52:48
168,U3856D,U3966B,['pending'],2021-08-18 21:40:57,2024-04-18 17:23:43
169,U3852Q,U985G,['accepted'],2020-07-03 12:17:34,2023-07-20 12:26:48
170,U2186J,ORG3681,['pending'],2024-01-05 10:20:36,2024-06-02 14:18:55
171,U1928X,ORG2471,['accepted'],2023-03-11 18:54:05,2024-11-02 15:07:46
172,U3724M,U2399T,['accepted'],2022-04-13 21:12:42,2022-08-07 10:10:32
173,U632P,ORG410,['accepted'],2020-12-16 18:16:25,2021-05-08 03:18:45
174,U2836Y,ORG492,['accepted'],2021-01-25 08:07:28,2023-05-21 21:20:15
175,U617X,ORG1447,['pending'],2023-08-12 13:06:27,2023-09-17 02:29:02
176,U3834H,U1374M,['pending'],2020-09-03 13:29:18,2023-06-20 22:39:39
177,U2667P,ORG1158,['accepted'],2021-01-03 19:57:15,2021-10-23 05:09:22
178,U2128P,U3193L,['pending'],2024-08-07 22:41:25,2024-08-29 08:54:46
179,U2652K,U1021O,['accepted'],2021-11-18 20:55:15,2023-11-22 02:19:16
180,U3268T,U2837C,['pending'],2023-04-07 09:41:33,2024-03-18 08:58:49
181,U431E,U3998F,['accepted'],2021-10-03 18:53:20,2023-02-01 03:23:58
182,U2701W,U1146Y,['accepted'],2022-03-09 07:40:50,2024-01-29 02:35:44
183,U297I,U2369M,['pending'],2024-07-10 16:35:57,2024-11-16 20:25:07
184,U1468K,ORG3440,['pending'],2021-01-25 03:57:05,2023-03-10 17:59:32
185,U3687L,U1562J,['accepted'],2024-06-30 09:35:47,2024-11-26 08:34:34
186,U2195M,U003D,['pending'],2023-07-10 09:26:49,2024-08-26 13:29:49
187,U2295G,U670L,['pending'],2020-09-27 10:18:39,2024-01-31 13:22:19
188,U3068M,U1552K,['accepted'],2024-10-20 13:02:40,2024-12-11 08:43:28
189,U2594F,U1242B,['pending'],2021-04-30 19:22:42,2023-03-12 05:49:21
190,U371Q,ORG2209,['pending'],2024-12-07 16:24:11,2024-12-29 11:05:53
191,U3130S,U591Y,['rejected'],2022-09-10 18:08:46,2024-04-09 14:10:35
192,U025E,U2821N,['pending'],2021-03-04 23:50:09,2021-07-13 04:54:13
193,U2788T,ORG2051,['pending'],2023-03-06 02:21:56,2024-06-03 02:54:11
194,U1892P,U817X,['pending'],2023-08-26 03:11:18,2024-01-13 17:29:50
195,U3235I,U1209D,['accepted'],2024-10-09 14:27:18,2024-12-19 19:19:42
196,U3378L,ORG3302,['pending'],2021-10-11 12:41:11,2022-06-20 13:46:06
197,U2838R,U3895B,['accepted'],2021-07-25 16:00:39,2023-09-08 22:04:42
198,U3107G,U243D,['accepted'],2021-05-09 18:24:39,2022-06-03 04:18:10
199,U560B,ORG2862,['pending'],2021-06-19 20:56:51,2021-07-07 15:27:03
200,U3947B,ORG3262,['pending'],2020-07-12 10:16:01,2023-05-30 09:57:47
201,U808U,ORG3245,['accepted'],2021-02-08 22:51:31,2023-12-17 18:20:42
202,U3219X,U271W,['accepted'],2024-06-09 08:20:55,2024-07-24 05:17:12
203,U360Y,ORG775,['pending'],2023-07-03 08:48:49,2024-09-18 19:30:45
204,U1984F,ORG536,['pending'],2020-01-09 19:45:49,2024-01-23 04:03:07
205,U3027S,U2353U,['accepted'],2024-09-30 02:14:07,2024-11-24 15:41:46
206,U1253F,U3898W,['accepted'],2021-08-24 17:28:36,2022-01-23 06:35:34
207,U1222S,U2590X,['pending'],2020-05-09 03:50:05,2022-10-14 12:36:14
208,U3065T,ORG3707,['rejected'],2024-11-18 21:03:35,2024-11-26 23:14:58
209,U815O,U3743V,['accepted'],2023-02-01 12:30:35,2024-11-05 02:12:42
210,U523N,U2038Y,['pending'],2022-10-02 16:11:34,2023-10-20 22:25:20
211,U973Y,ORG2178,['accepted'],2020-04-05 22:12:50,2024-03-16 23:45:40
212,U2234Q,U1272F,['accepted'],2021-05-31 23:57:42,2024-02-20 16:58:19
213,U1787G,ORG251,['accepted'],2022-07-11 13:58:09,2022-08-23 01:51:30
214,U3888R,U3552G,['pending'],2022-11-13 11:07:19,2024-05-18 02:48:04
215,U2701W,ORG1896,['pending'],2024-02-10 02:42:28,2024-02-19 05:17:54
216,U3488Q,U872Q,['rejected'],2024-09-08 20:59:40,2024-11-26 15:35:09
217,U3882P,U1313Z,['accepted'],2022-03-01 10:28:46,2024-09-01 08:43:19
218,U3426H,ORG3145,['accepted'],2023-05-20 22:57:00,2024-04-27 08:32:21
219,U412Z,U3749S,['pending'],2024-06-10 07:18:00,2024-07-29 12:02:26
220,U2894N,U2102E,['accepted'],2023-06-26 09:36:03,2024-05-09 05:37:34
221,U2698V,U3769O,['pending'],2022-01-09 13:31:30,2024-10-12 15:35:58
222,U3622F,ORG3162,['accepted'],2024-09-13 08:44:12,2024-09-16 20:21:00
223,U1782Q,U1980C,['pending'],2022-08-08 04:54:00,2024-03-04 04:32:50
224,U422P,U029D,['pending'],2022-09-09 16:15:06,2024-03-29 04:26:34
225,U3224P,ORG496,['accepted'],2022-09-16 00:21:53,2024-03-03 12:39:02
226,U2755J,ORG3462,['pending'],2020-08-17 13:34:30,2024-05-07 06:42:08
227,U2599J,ORG1942,['accepted'],2021-10-27 19:06:51,2022-10-04 23:41:52
228,U1857B,ORG3945,['accepted'],2020-01-16 00:41:23,2023-07-25 11:22:05
229,U2059B,U764Y,['pending'],2023-05-26 12:01:09,2024-07-27 21:17:52
230,U3167H,U970R,['pending'],2021-09-26 22:55:53,2024-02-22 14:34:21
231,U393Q,ORG305,['accepted'],2020-03-24 18:34:14,2024-03-23 02:27:58
232,U2053B,ORG1875,['accepted'],2023-01-22 09:06:46,2024-11-27 20:58:51
233,U2040M,U1499J,['accepted'],2023-04-20 10:31:18,2024-05-03 03:28:53
234,U1000B,U3116F,['pending'],2021-10-14 07:39:37,2023-12-01 03:46:45
235,U2433W,ORG3522,['rejected'],2022-10-10 02:34:01,2023-09-19 23:15:05
236,U299A,ORG2460,['pending'],2022-09-27 15:35:44,2024-01-06 16:20:04
237,U2538M,U3326E,['rejected'],2020-02-13 06:14:13,2021-07-06 20:39:50
238,U1740O,ORG022,['rejected'],2021-07-30 07:14:34,2021-12-17 21:01:40
239,U2529A,ORG2620,['pending'],2022-04-16 14:40:04,2023-04-16 09:51:47
240,U409C,U3703F,['pending'],2020-10-09 22:24:21,2022-07-13 21:06:47
241,U2301X,U1761L,['accepted'],2021-02-15 14:06:47,2021-03-10 12:57:45
242,U3958U,U2732Q,['accepted'],2023-08-04 23:10:58,2024-01-12 16:47:35
243,U1906H,U3221P,['accepted'],2021-05-06 01:13:10,2024-05-14 05:44:45
244,U2035Z,ORG3552,['rejected'],2020-12-03 07:19:01,2023-04-18 08:21:36
245,U1140W,ORG1993,['accepted'],2023-12-05 18:30:30,2024-03-02 15:18:01
246,U3546R,ORG1293,['pending'],2020-06-09 04:48:48,2024-06-21 23:56:50
247,U3432K,ORG3966,['pending'],2021-12-14 02:00:08,2023-07-11 19:27:38
248,U533C,U1465M,['pending'],2021-01-01 11:51:11,2021-04-22 08:40:46
249,U3686U,ORG3480,['accepted'],2022-02-02 16:24:39,2024-04-24 14:46:56
250,U2841J,U3621I,['accepted'],2020-08-07 09:35:53,2022-06-09 06:21:07
251,U825V,ORG3497,['accepted'],2021-04-15 07:25:04,2021-05-31 19:26:26
252,U1714V,ORG1373,['pending'],2023-04-17 05:18:22,2024-12-19 05:46:05
253,U3845C,U1936Z,['pending'],2022-06-14 19:44:43,2024-04-23 07:14:06
254,U2679D,U2845Z,['rejected'],2021-07-25 00:03:22,2021-08-16 20:13:25
255,U747Q,ORG700,['accepted'],2024-04-06 10:07:30,2024-08-23 22:11:02
256,U3630F,ORG3432,['accepted'],2023-01-03 06:35:52,2024-04-01 21:22:47
257,U2948Z,U2806W,['accepted'],2022-09-25 16:20:38,2023-10-13 21:31:33
258,U3801U,U3844K,['accepted'],2023-11-03 16:09:59,2023-12-09 04:13:55
259,U939S,U3991O,['accepted'],2021-05-21 11:38:35,2023-12-29 16:23:04
260,U2629O,U2661V,['rejected'],2024-08-03 06:52:11,2024-08-08 06:58:22
261,U1279M,ORG1644,['accepted'],2023-09-19 11:03:25,2024-01-08 20:00:58
262,U3556G,U1899M,['pending'],2024-01-19 10:11:37,2024-07-15 06:22:33
263,U446N,U3719I,['accepted'],2024-08-03 08:48:29,2024-10-21 11:17:50
264,U337F,U1247V,['accepted'],2024-09-14 23:43:47,2024-10-05 12:29:16
265,U3614M,ORG1391,['accepted'],2021-12-28 22:34:47,2024-04-30 16:54:19
266,U3083O,ORG774,['accepted'],2020-11-03 06:05:39,2024-04-13 13:03:54
267,U2493Z,U055Y,['accepted'],2024-09-19 14:20:33,2024-12-23 21:23:00
268,U519G,ORG517,['accepted'],2023-08-08 15:49:52,2024-11-20 08:47:36
269,U1390K,ORG3355,['accepted'],2023-11-16 05:20:18,2024-07-20 08:25:33
270,U1825N,ORG326,['pending'],2022-10-06 14:27:01,2023-07-11 04:55:22
271,U368Q,U1562J,['accepted'],2023-10-16 22:50:01,2023-12-23 03:09:55
272,U2671E,U3673I,['accepted'],2024-12-30 16:03:14,2024-12-30 21:25:07
273,U270J,ORG235,['pending'],2022-07-21 22:34:08,2023-05-04 15:18:40
274,U2913M,ORG2865,['accepted'],2024-10-12 07:46:41,2024-12-18 23:46:25
275,U3021V,U733I,['accepted'],2022-03-25 06:59:13,2022-10-20 14:42:18
276,U1598G,ORG404,['accepted'],2023-04-02 08:18:22,2024-02-02 18:16:19
277,U2312L,ORG526,['accepted'],2023-03-15 22:13:31,2024-09-24 23:20:02
278,U3456S,U1157X,['pending'],2021-08-05 22:24:22,2024-05-13 17:51:37
279,U1818E,ORG3823,['accepted'],2024-05-31 09:53:40,2024-10-13 05:19:13
280,U2396Z,ORG2368,['accepted'],2021-10-17 23:32:07,2023-04-09 12:38:59
281,U3426H,ORG1836,['pending'],2020-10-29 17:46:31,2020-12-11 08:43:06
282,U285V,U3585C,['pending'],2021-05-03 02:02:31,2021-11-27 06:29:58
283,U1929E,U919M,['accepted'],2023-10-26 08:50:38,2024-02-05 10:03:51
284,U2537F,U2063F,['accepted'],2021-08-23 15:45:43,2023-01-09 13:22:17
285,U2206K,U2647M,['pending'],2021-10-31 13:07:17,2023-05-12 12:21:11
286,U448K,U2072S,['pending'],2020-11-28 10:34:21,2024-05-06 15:29:13
287,U970R,U1801H,['accepted'],2023-01-17 02:39:39,2023-07-24 15:50:07
288,U822H,ORG1429,['accepted'],2022-02-23 09:19:15,2022-06-30 11:40:54
289,U709Z,U2176N,['accepted'],2020-09-07 08:24:43,2023-02-25 04:54:53
290,U945K,ORG1222,['pending'],2022-02-09 20:20:41,2024-03-26 08:04:52
291,U1134K,ORG1428,['pending'],2022-09-19 00:51:41,2023-02-25 21:55:28
292,U1593D,ORG2611,['pending'],2020-07-13 08:22:27,2024-01-10 06:50:40
293,U1112S,U2637K,['accepted'],2023-12-06 09:24:46,2024-07-28 13:05:54
294,U1193G,U1864A,['pending'],2022-09-06 14:34:50,2022-11-26 13:52:32
295,U655U,U139B,['accepted'],2022-05-12 06:28:55,2023-07-11 16:12:23
296,U577E,U2392D,['pending'],2023-08-01 09:14:59,2023-11-18 16:32:00
297,U479M,U3583M,['accepted'],2021-02-19 05:20:10,2021-05-10 19:07:47
298,U2819L,ORG1123,['pending'],2020-02-08 06:15:58,2021-02-19 19:04:15
299,U3876U,ORG2090,['pending'],2021-07-14 04:51:12,2022-06-14 01:21:28
300,U1613G,ORG2584,['accepted'],2023-08-20 16:30:22,2024-11-05 18:10:36
301,U2698V,ORG3178,['rejected'],2024-08-27 02:01:32,2024-11-20 21:49:38
302,U3159L,U3181K,['accepted'],2020-01-16 12:02:00,2020-03-09 23:27:23
303,U285V,U753Z,['accepted'],2020-09-10 20:11:21,2023-07-24 16:37:41
304,U2564S,ORG1961,['accepted'],2020-07-20 12:44:36,2020-11-10 14:09:42
305,U3557S,U030E,['pending'],2021-04-03 00:50:58,2024-12-06 21:19:46
306,U2592G,ORG3008,['accepted'],2022-10-03 05:57:00,2024-01-12 09:21:04
307,U1815Z,ORG968,['pending'],2022-11-08 00:55:03,2024-05-28 06:01:33
308,U1240K,ORG420,['pending'],2023-06-26 20:58:45,2023-09-07 18:57:01
309,U568M,U3748O,['accepted'],2023-01-07 14:43:08,2023-09-02 10:27:18
310,U1032Z,ORG1998,['accepted'],2021-01-29 10:32:45,2024-04-18 08:50:58
311,U1761L,ORG1419,['pending'],2023-10-27 03:38:04,2024-03-08 08:36:44
312,U3722Q,U2488G,['pending'],2022-04-18 20:12:27,2022-08-06 03:02:53
313,U257Q,U2337S,['pending'],2022-01-18 15:38:04,2023-01-13 09:45:42
314,U648H,ORG3601,['accepted'],2020-08-14 03:06:28,2021-08-23 15:00:35
315,U036M,ORG1221,['accepted'],2020-05-17 10:27:38,2021-12-21 06:37:51
316,U1044S,ORG1668,['pending'],2023-04-25 00:09:25,2023-09-15 18:17:32
317,U3219X,U2326P,['pending'],2023-11-03 23:20:14,2024-07-03 21:44:08
318,U1937U,ORG2702,['pending'],2022-10-10 23:11:02,2024-10-29 05:19:07
319,U1144F,U3092X,['rejected'],2023-07-05 05:05:38,2023-11-29 21:37:19
320,U2461M,ORG1707,['pending'],2024-02-07 16:20:35,2024-10-09 22:37:55
321,U597S,ORG3612,['pending'],2020-02-23 11:33:16,2021-10-21 15:41:41
322,U3815E,U633K,['accepted'],2024-07-31 04:56:33,2024-12-30 18:49:51
323,U023W,U3277B,['pending'],2023-12-16 13:04:40,2024-08-08 14:59:13
324,U673W,ORG3911,['accepted'],2021-07-26 07:46:49,2023-07-09 02:35:34
325,U876G,ORG1638,['pending'],2023-03-21 06:14:25,2024-07-25 16:38:36
326,U743E,U2944X,['accepted'],2020-12-24 19:51:31,2024-04-18 09:53:38
327,U1141V,U183W,['pending'],2023-03-18 20:32:28,2023-04-14 19:26:16
328,U1953A,ORG486,['pending'],2023-08-17 13:38:50,2024-01-31 13:23:44
329,U2665O,ORG1000,['accepted'],2022-12-24 01:43:19,2024-08-10 19:36:53
330,U658V,ORG741,['accepted'],2022-12-19 10:51:39,2023-03-15 16:29:15
331,U1193G,ORG3276,['accepted'],2024-02-10 07:57:09,2024-09-05 08:00:08
332,U3000M,ORG3179,['accepted'],2022-07-01 01:17:06,2024-05-26 21:32:37
333,U1260M,U1603W,['accepted'],2021-09-03 12:20:10,2022-01-18 15:13:27
334,U1864A,ORG541,['pending'],2021-02-11 09:22:37,2024-01-15 07:18:26
335,U057J,ORG651,['accepted'],2020-04-07 15:04:35,2021-08-25 20:10:23
336,U298T,U3935Y,['pending'],2021-12-26 11:46:31,2024-07-17 10:55:33
337,U3693G,U2129H,['rejected'],2022-05-15 12:30:34,2023-04-30 07:49:46
338,U106O,ORG557,['pending'],2022-04-12 01:20:11,2022-12-02 23:44:46
339,U3126C,U966H,['accepted'],2022-03-01 00:30:09,2022-07-10 19:33:27
340,U2168Q,ORG1072,['pending'],2021-07-15 15:55:54,2024-11-03 04:11:59
341,U618K,U3006D,['accepted'],2020-06-02 08:27:34,2023-05-19 07:57:19
342,U3206R,ORG2196,['accepted'],2022-11-16 22:29:10,2024-05-20 11:33:59
343,U3612F,U1282J,['accepted'],2021-06-28 18:10:17,2022-10-20 11:05:03
344,U3513P,U3792B,['pending'],2023-06-21 02:18:33,2024-11-23 16:54:54
345,U2564S,ORG1209,['accepted'],2021-06-08 12:44:50,2024-06-30 02:56:50
346,U1939U,U3361I,['accepted'],2024-09-06 02:11:46,2024-12-07 08:07:31
347,U1208T,ORG2771,['accepted'],2022-06-22 13:01:52,2024-03-21 09:53:16
348,U3989N,ORG433,['pending'],2022-11-15 06:35:06,2023-11-19 01:58:41
349,U636L,U1395G,['pending'],2020-12-20 00:51:50,2021-02-26 22:20:19
350,U3192R,ORG1383,['accepted'],2024-12-30 16:20:28,2024-12-30 17:12:52
351,U2182I,U025E,['accepted'],2024-06-27 20:01:25,2024-07-11 00:50:21
352,U3124U,U2146L,['accepted'],2021-12-14 17:12:06,2023-09-11 05:31:30
353,U1284H,ORG853,['accepted'],2021-08-10 07:17:50,2024-02-26 14:44:39
354,U1424W,ORG3526,['accepted'],2020-09-25 18:52:39,2023-08-20 18:22:30
355,U2446K,ORG615,['accepted'],2021-08-29 19:33:12,2022-08-30 19:14:49
356,U2018E,U3648H,['accepted'],2024-07-02 08:29:11,2024-12-04 06:13:34
357,U1652Q,ORG3477,['rejected'],2020-07-21 07:20:59,2021-10-20 01:08:09
358,U3556G,ORG343,['accepted'],2021-12-09 04:17:43,2024-06-13 13:11:17
359,U1553M,ORG3871,['accepted'],2022-08-01 02:46:29,2024-11-17 00:30:01
360,U2175O,U3976H,['accepted'],2021-12-01 13:01:44,2024-06-28 00:37:28
361,U1825N,ORG3389,['accepted'],2021-09-18 16:36:24,2023-11-30 04:04:53
362,U2971Z,U2223V,['rejected'],2020-07-12 06:36:07,2021-08-21 06:35:16
363,U3932N,U1844K,['accepted'],2021-08-21 16:03:14,2023-09-03 04:54:09
364,U2152G,ORG3105,['accepted'],2023-11-11 06:29:43,2024-02-27 04:00:21
365,U2269R,U686S,['accepted'],2022-09-12 02:24:56,2023-08-22 00:02:19
366,U058X,ORG1524,['pending'],2021-01-11 16:45:44,2023-09-19 07:34:49
367,U247S,U2040M,['pending'],2024-08-31 05:43:48,2024-11-12 15:10:24
368,U1681D,U325E,['accepted'],2022-08-07 01:37:56,2023-10-01 11:20:32
369,U1920S,U3474Q,['pending'],2020-05-08 17:23:09,2024-03-25 12:33:28
370,U2663B,ORG2994,['accepted'],2024-09-13 02:32:07,2024-10-07 17:00:16
371,U477D,ORG1773,['pending'],2024-07-23 21:03:53,2024-11-21 17:29:54
372,U3933A,ORG1349,['accepted'],2021-08-20 17:07:38,2022-02-25 03:29:12
373,U3520R,U2763O,['accepted'],2022-12-14 05:13:26,2023-04-13 21:06:33
374,U3232K,U1794B,['rejected'],2023-10-04 14:39:15,2024-10-19 12:04:39
375,U3490J,ORG2229,['pending'],2022-11-25 02:26:05,2024-08-28 09:27:31
376,U3497E,U310Z,['pending'],2024-05-12 02:14:13,2024-12-15 19:22:11
377,U2406X,ORG1749,['pending'],2023-05-15 09:40:19,2023-08-08 00:55:02
378,U3782G,U2282Z,['rejected'],2021-04-17 19:53:02,2021-11-27 08:22:29
379,U2696F,U3403L,['pending'],2024-11-27 10:44:54,2024-11-30 10:01:17
380,U2859R,U550G,['pending'],2021-02-01 21:55:38,2022-07-02 21:43:10
381,U2126Y,ORG3245,['pending'],2021-12-28 00:44:47,2023-04-03 00:28:52
382,U305H,ORG2312,['accepted'],2020-09-12 15:56:32,2021-04-27 11:56:59
383,U269G,U1002M,['accepted'],2024-07-26 13:18:34,2024-08-04 01:17:48
384,U1841R,U2748G,['accepted'],2021-01-05 11:38:26,2023-12-12 08:12:19
385,U1382O,ORG411,['pending'],2023-07-16 04:08:23,2023-11-12 03:25:03
386,U1164K,U1189E,['pending'],2020-03-27 01:07:36,2023-02-15 23:58:49
387,U1886G,ORG2039,['accepted'],2023-09-19 02:05:50,2024-12-19 22:38:41
388,U2116A,U1625E,['accepted'],2020-02-01 13:54:12,2022-04-21 13:08:17
389,U2768N,U2045M,['accepted'],2024-01-19 17:34:22,2024-01-25 19:32:02
390,U2740U,ORG3380,['accepted'],2021-01-25 16:34:25,2024-10-27 15:19:21
391,U2977Y,U3920S,['pending'],2024-11-23 03:51:40,2024-12-05 10:06:32
392,U3043Y,U2840G,['pending'],2020-08-28 00:23:22,2022-01-15 16:50:59
393,U2004A,ORG1836,['accepted'],2024-03-28 14:00:05,2024-05-24 16:06:31
394,U008Y,U2568C,['rejected'],2024-12-14 18:58:15,2024-12-26 15:32:57
395,U2893Y,ORG1563,['pending'],2024-06-29 16:47:06,2024-07-22 12:01:27
396,U812D,U1275X,['pending'],2020-04-23 16:16:08,2024-02-25 13:44:18
397,U075P,ORG3863,['pending'],2024-05-09 18:46:15,2024-07-21 07:37:38
398,U243D,U1936Z,['pending'],2021-06-19 00:02:59,2021-07-05 08:00:35
399,U2192W,U083X,['accepted'],2021-12-14 22:58:02,2023-09-17 07:54:20
400,U627L,U1403Q,['accepted'],2022-05-02 03:23:11,2022-07-18 22:16:08
401,U541G,ORG2924,['rejected'],2020-03-21 12:19:23,2024-06-17 04:21:00
402,U713O,U1970Z,['accepted'],2024-07-11 07:33:38,2024-12-26 08:56:33
403,U3564L,ORG3035,['accepted'],2023-12-22 04:40:51,2024-01-13 16:56:30
404,U3865F,ORG1887,['accepted'],2021-03-12 15:22:11,2021-03-25 19:24:39
405,U1589Q,ORG2664,['accepted'],2023-04-21 12:17:18,2024-06-05 22:31:59
406,U2326P,U2141T,['pending'],2020-07-25 12:31:02,2022-11-02 13:06:41
407,U3547Y,U2344A,['pending'],2022-12-04 17:34:06,2023-07-14 20:02:28
408,U774S,ORG3329,['accepted'],2022-02-18 15:48:16,2023-09-05 00:49:29
409,U1048H,ORG1741,['accepted'],2021-04-05 05:20:34,2021-05-23 17:34:31
410,U837C,ORG3198,['accepted'],2022-03-31 14:01:14,2023-08-14 19:10:14
411,U1025K,U510Y,['rejected'],2021-11-13 20:07:04,2023-07-04 00:30:10
412,U1781H,ORG237,['pending'],2023-04-02 20:37:52,2024-10-16 16:55:11
413,U2045M,ORG3154,['pending'],2020-09-15 06:10:31,2022-03-31 23:39:56
414,U2446K,U1162T,['pending'],2022-12-03 16:25:35,2023-09-07 16:34:47
415,U1545Y,ORG2813,['accepted'],2020-11-01 19:10:49,2024-05-09 01:47:56
416,U2570C,ORG3614,['pending'],2021-06-16 12:45:33,2024-04-30 05:25:39
417,U2999M,ORG2342,['pending'],2023-02-24 03:46:05,2024-11-16 09:12:38
418,U203V,U1736T,['accepted'],2020-01-18 02:12:32,2024-04-15 19:08:42
419,U2021T,ORG1675,['pending'],2024-10-08 00:42:52,2024-11-24 12:02:47
420,U938D,U2051P,['accepted'],2020-09-11 05:26:03,2022-11-14 10:49:32
421,U2450Y,U3673I,['accepted'],2021-08-16 15:53:44,2024-02-12 18:54:13
422,U2996D,ORG1268,['pending'],2020-03-06 09:35:19,2024-07-07 23:48:53
423,U3915Q,ORG1143,['pending'],2022-08-18 07:54:10,2023-05-16 01:28:38
424,U3389K,ORG1189,['accepted'],2021-02-05 19:53:59,2021-11-13 05:05:55
425,U3027S,ORG3354,['rejected'],2020-03-08 05:35:06,2024-07-13 16:30:07
426,U410R,ORG2733,['accepted'],2023-05-18 01:05:55,2023-10-31 15:13:39
427,U739W,U1863H,['accepted'],2024-04-23 02:14:46,2024-10-22 20:38:51
428,U3656F,ORG1738,['pending'],2022-03-14 17:43:00,2022-10-20 07:35:09
429,U835H,U504X,['accepted'],2023-12-12 04:53:02,2024-04-23 09:56:45
430,U3965C,ORG606,['accepted'],2021-01-04 12:48:33,2023-04-03 21:57:25
431,U1014C,ORG1501,['pending'],2021-11-23 15:51:33,2023-11-02 21:55:13
432,U3827P,U3586X,['accepted'],2023-03-29 19:17:51,2024-04-27 21:45:08
433,U725E,U3634L,['accepted'],2022-02-17 13:15:16,2022-05-13 01:25:09
434,U2741F,U3252G,['pending'],2023-11-06 10:24:04,2024-05-23 18:51:12
435,U2504T,ORG897,['accepted'],2023-03-03 22:53:55,2023-12-23 08:28:32
436,U2282Z,ORG3084,['accepted'],2023-07-04 05:29:42,2024-11-19 11:56:05
437,U2879E,U707G,['rejected'],2021-01-11 08:06:14,2022-06-05 03:24:04
438,U679Y,ORG1261,['pending'],2021-04-25 18:52:07,2024-07-09 10:05:41
439,U3678G,U2829T,['accepted'],2022-05-03 02:02:43,2022-05-13 05:29:32
440,U753Z,ORG1595,['pending'],2022-08-16 05:02:09,2024-08-02 10:49:31
441,U3954L,U515F,['rejected'],2024-02-02 20:09:46,2024-08-11 00:48:23
442,U599J,ORG2285,['accepted'],2020-12-28 12:12:10,2023-10-10 19:35:47
443,U3216B,ORG1285,['pending'],2021-09-09 05:01:47,2022-07-18 08:21:24
444,U714C,U1519A,['pending'],2020-05-25 13:37:58,2021-09-06 08:38:22
445,U3043Y,ORG2958,['accepted'],2022-08-09 00:45:14,2023-02-05 02:15:56
446,U1108Y,ORG1712,['pending'],2024-03-17 06:29:47,2024-06-03 03:20:27
447,U3513P,ORG3031,['rejected'],2024-02-28 17:36:44,2024-08-24 13:24:54
448,U3966B,ORG2157,['accepted'],2022-01-09 15:43:02,2024-11-24 05:14:01
449,U1164K,ORG3498,['accepted'],2020-10-31 08:00:59,2024-05-21 20:50:06
450,U456T,U583S,['accepted'],2024-01-02 21:34:11,2024-10-25 20:51:11
451,U2275R,ORG023,['pending'],2020-06-13 21:38:36,2023-02-01 07:42:16
452,U2830O,U1585H,['pending'],2023-09-04 00:22:28,2024-01-30 14:18:55
453,U469H,U078T,['pending'],2020-06-21 05:57:06,2020-10-28 05:00:25
454,U3577O,ORG1909,['pending'],2023-07-16 04:15:06,2023-07-21 02:58:53
455,U3956H,ORG1334,['accepted'],2024-08-16 05:55:16,2024-10-26 11:15:49
456,U2082E,ORG586,['accepted'],2022-06-17 18:31:30,2024-01-08 03:03:39
457,U486I,ORG2286,['accepted'],2024-03-23 18:34:37,2024-12-28 12:55:21
458,U601I,ORG3048,['pending'],2021-12-04 02:40:53,2022-10-20 13:19:50
459,U415V,U3883V,['rejected'],2022-12-27 13:22:05,2023-09-30 03:38:52
460,U3253E,U2372F,['rejected'],2020-03-12 09:31:26,2021-07-15 06:04:27
461,U1857B,ORG1585,['accepted'],2024-08-01 12:47:26,2024-10-16 11:31:10
462,U3430S,ORG1650,['accepted'],2023-06-26 20:26:17,2023-11-18 21:53:38
463,U2221Z,ORG3326,['pending'],2023-12-14 01:10:08,2024-02-06 16:45:54
464,U1229X,ORG129,['accepted'],2023-09-11 15:12:40,2024-12-28 23:24:31
465,U3673I,ORG1937,['accepted'],2023-02-22 06:38:50,2024-09-09 02:28:04
466,U1005S,U3406D,['accepted'],2022-10-15 13:49:39,2024-03-27 13:24:54
467,U3684Q,ORG675,['pending'],2021-04-13 01:13:56,2022-03-05 06:54:08
468,U3624Q,U2200Y,['pending'],2022-08-29 01:26:06,2022-12-22 13:49:06
469,U3614M,ORG1739,['accepted'],2024-05-04 18:06:33,2024-12-03 01:15:59
470,U3059B,U1857B,['accepted'],2024-09-27 05:37:53,2024-11-16 15:13:21
471,U031C,U2208G,['accepted'],2023-06-22 06:13:58,2023-08-21 06:55:58
472,U1083M,ORG905,['pending'],2022-02-22 22:23:01,2024-06-26 01:36:52
473,U2032J,ORG2897,['pending'],2022-08-28 05:46:31,2022-12-27 08:06:25
474,U2735D,ORG3543,['accepted'],2021-10-11 07:05:39,2022-01-24 16:37:24
475,U2348H,U2812P,['accepted'],2021-02-04 01:07:34,2021-12-22 22:41:31
476,U834H,ORG1023,['accepted'],2020-11-21 07:07:59,2024-06-06 09:56:11
477,U3711N,ORG1599,['accepted'],2021-10-31 02:54:03,2022-05-25 00:15:47
478,U1774Y,ORG1522,['accepted'],2020-12-06 07:57:17,2024-03-31 23:12:30
479,U1537U,U3154B,['accepted'],2021-09-15 01:47:31,2022-01-09 03:45:16
480,U1375A,U2715Z,['rejected'],2021-06-04 01:00:21,2024-12-26 07:32:17
481,U3083O,U3561S,['accepted'],2021-01-12 02:36:08,2023-01-29 14:41:33
482,U3910V,ORG1867,['accepted'],2020-06-16 16:09:34,2021-03-03 06:48:29
483,U2427M,U3755I,['accepted'],2024-04-01 21:30:49,2024-09-03 20:06:56
484,U1746F,ORG3353,['pending'],2021-12-13 05:07:28,2022-06-11 11:39:42
485,U2437Y,ORG1227,['pending'],2023-06-03 23:15:05,2024-03-01 05:06:47
486,U2518C,ORG2570,['pending'],2022-08-14 13:08:02,2024-04-05 17:14:34
487,U2502S,ORG2255,['accepted'],2021-08-30 01:26:32,2023-01-12 15:51:46
488,U346P,U3774T,['accepted'],2023-02-13 10:01:18,2023-10-31 01:20:28
489,U3064Q,U2125P,['accepted'],2022-03-21 06:12:44,2022-12-13 12:20:55
490,U3896N,U2746Z,['pending'],2024-02-25 18:50:42,2024-06-21 05:58:35
491,U324A,ORG1523,['accepted'],2022-08-30 04:59:28,2024-09-04 19:39:31
492,U2295G,U3094U,['pending'],2021-01-01 02:53:06,2022-01-20 23:15:22
493,U480K,ORG746,['accepted'],2020-03-19 17:23:13,2022-07-13 03:49:33
494,U3255E,ORG1588,['pending'],2020-03-04 20:37:44,2021-05-16 03:07:58
495,U2337S,U2094J,['pending'],2021-05-21 13:00:42,2021-09-17 18:21:22
496,U2686H,U134H,['accepted'],2022-02-12 18:10:15,2023-04-23 12:20:08
497,U3618U,U3659O,['pending'],2024-05-10 12:02:56,2024-05-22 05:28:43
498,U3913D,U1816Z,['pending'],2022-01-02 09:48:00,2024-01-13 23:30:59
499,U1003U,U1737L,['accepted'],2020-05-20 16:48:28,2023-05-12 04:39:08
500,U3611W,U2870A,['pending'],2021-10-20 21:27:02,2022-01-31 10:09:40
501,U930Z,U1310U,['pending'],2022-11-20 02:29:34,2024-02-03 16:49:11
502,U1572M,U2590X,['accepted'],2023-03-02 23:16:14,2024-04-07 04:00:21
503,U2903S,U570O,['accepted'],2020-04-20 03:42:07,2021-04-08 02:31:19
504,U025E,ORG636,['pending'],2023-07-05 07:43:11,2024-11-05 07:10:54
505,U2887J,ORG1442,['rejected'],2023-01-12 03:33:03,2024-10-05 18:05:13
506,U1955G,U2402P,['pending'],2021-04-03 04:30:26,2022-06-07 22:05:02
507,U1416R,U2592G,['accepted'],2023-08-16 03:00:45,2024-11-17 03:01:51
508,U2515H,U3862Z,['rejected'],2021-04-11 07:32:13,2021-07-14 06:23:25
509,U1031V,U3835Y,['accepted'],2020-08-06 11:21:42,2022-03-19 11:54:03
510,U1104O,ORG1366,['pending'],2022-12-31 09:29:23,2023-01-02 13:10:41
511,U3564L,ORG3921,['accepted'],2020-03-29 20:17:08,2020-06-13 16:38:57
512,U758Q,U3712O,['accepted'],2021-03-17 17:01:22,2023-04-16 12:25:15
513,U3052X,U362D,['accepted'],2023-02-10 15:31:06,2023-06-16 10:37:16
514,U3072Z,U3498U,['pending'],2020-05-11 07:13:53,2023-03-15 03:08:06
515,U3531Y,ORG2189,['pending'],2024-01-03 11:57:56,2024-07-24 15:06:32
516,U909T,U237N,['accepted'],2020-03-19 18:27:02,2024-09-09 21:30:02
517,U1068Z,U2641E,['accepted'],2020-12-13 04:05:53,2023-11-08 05:01:26
518,U1473M,U118M,['accepted'],2024-05-21 22:53:09,2024-10-16 08:29:39
519,U3564L,ORG1873,['accepted'],2021-09-25 20:59:23,2022-03-22 19:52:21
520,U3001J,ORG1248,['accepted'],2023-02-24 12:41:59,2024-01-31 21:54:14
521,U2872X,ORG736,['accepted'],2024-07-07 19:41:30,2024-10-11 20:41:58
522,U1841R,ORG2247,['rejected'],2020-09-03 05:28:22,2020-10-22 17:38:28
523,U364Q,U1610L,['accepted'],2022-08-18 02:31:19,2024-08-06 04:38:43
524,U2079T,U3334B,['accepted'],2020-01-10 01:06:28,2022-04-09 20:59:40
525,U339F,U3959S,['pending'],2021-11-09 17:59:09,2022-03-28 14:17:12
526,U1234I,U174J,['accepted'],2024-04-26 00:42:24,2024-06-09 10:19:55
527,U453I,U3686U,['pending'],2023-03-18 22:21:15,2024-12-23 16:11:55
528,U2978E,ORG577,['rejected'],2022-10-08 04:49:13,2023-10-13 07:37:11
529,U3019Q,ORG1076,['pending'],2020-05-03 12:03:44,2020-07-16 20:50:23
530,U3773K,U733I,['accepted'],2024-04-19 18:12:56,2024-05-24 15:11:40
531,U1793H,ORG296,['pending'],2024-12-01 10:13:31,2024-12-09 05:12:23
532,U2749A,ORG357,['accepted'],2020-03-22 18:42:30,2023-08-04 00:20:59
533,U1525Q,ORG047,['accepted'],2023-10-09 23:14:01,2024-05-04 10:10:46
534,U3232K,U3968T,['accepted'],2020-06-18 21:46:59,2024-09-27 01:37:44
535,U3206R,ORG473,['pending'],2021-05-31 12:13:01,2024-10-14 13:39:58
536,U322H,ORG3065,['pending'],2024-04-15 15:47:12,2024-08-26 12:45:42
537,U3209Q,U1118B,['accepted'],2024-01-21 12:50:39,2024-02-10 23:10:24
538,U1248B,U2622U,['pending'],2023-05-16 19:29:02,2023-10-29 11:47:42
539,U1951X,ORG1009,['accepted'],2020-10-02 22:00:49,2022-10-16 11:55:35
540,U354O,ORG1657,['rejected'],2021-08-01 06:31:05,2024-03-09 00:36:28
541,U554Z,U2465X,['accepted'],2023-09-20 12:46:47,2024-12-13 16:13:22
542,U1021O,ORG3058,['accepted'],2020-01-22 06:53:31,2020-03-13 09:32:05
543,U1761L,ORG758,['pending'],2020-05-29 09:10:59,2021-03-19 13:01:25
544,U2432U,ORG3956,['accepted'],2022-03-23 12:23:53,2023-07-18 04:05:20
545,U1907F,U1642E,['accepted'],2024-01-18 10:48:48,2024-11-16 23:14:00
546,U2800S,U1669N,['accepted'],2023-06-21 09:51:44,2024-12-04 20:46:21
547,U1326O,U2321J,['pending'],2024-10-19 13:31:57,2024-11-02 04:06:49
548,U062G,U860F,['pending'],2023-01-03 16:50:45,2023-02-18 05:32:46
549,U2535X,U2008O,['accepted'],2021-09-04 12:11:40,2023-01-31 20:00:11
550,U1247V,ORG1674,['pending'],2021-06-15 16:54:08,2023-05-27 12:02:04
551,U1911R,ORG2820,['accepted'],2023-12-11 19:27:10,2024-11-14 20:40:12
552,U1755U,ORG1489,['pending'],2023-01-29 20:51:29,2024-02-22 00:16:27
553,U201V,U289V,['accepted'],2024-09-24 07:32:18,2024-10-13 08:11:17
554,U1913O,ORG3043,['pending'],2022-12-26 21:46:41,2024-05-11 10:32:46
555,U621U,U1366W,['pending'],2021-05-15 19:01:44,2022-06-23 20:53:49
556,U3255E,U1834J,['accepted'],2023-12-05 12:58:12,2024-04-10 23:19:53
557,U1647B,U2800S,['accepted'],2020-02-02 23:48:50,2021-02-02 21:47:19
558,U3921S,ORG2564,['accepted'],2022-10-01 05:38:40,2023-08-02 16:01:33
559,U2392D,U2483M,['pending'],2022-10-10 01:45:44,2023-04-16 15:31:48
560,U1309L,U2163H,['accepted'],2020-05-16 08:37:49,2021-06-29 13:54:14
561,U1778P,U1312L,['pending'],2023-08-24 18:38:29,2024-09-19 08:50:10
562,U2995Z,U2051P,['pending'],2022-02-01 05:42:59,2023-07-12 05:20:21
563,U3096E,U1195D,['pending'],2024-04-22 09:27:08,2024-06-15 22:03:11
564,U2399T,U2788T,['accepted'],2021-05-14 00:59:22,2021-09-29 16:58:10
565,U3860D,U1201O,['pending'],2023-03-08 22:00:06,2023-07-25 11:05:39
566,U3087U,ORG3082,['pending'],2023-09-22 10:31:03,2024-10-29 02:10:22
567,U1959A,U3847G,['pending'],2023-09-16 15:11:28,2024-02-27 11:53:09
568,U400C,U1128U,['pending'],2023-01-21 07:35:34,2024-06-22 12:35:13
569,U1920S,U2077F,['pending'],2021-11-17 11:13:08,2024-02-26 21:38:11
570,U1862Y,ORG2546,['pending'],2024-08-06 00:57:50,2024-09-01 19:36:54
571,U3060N,ORG574,['accepted'],2023-03-27 01:05:23,2024-03-27 21:27:34
572,U3888R,U2574F,['pending'],2022-12-19 05:14:13,2023-07-04 12:27:14
573,U2775V,U460K,['rejected'],2022-05-26 18:11:44,2024-09-18 19:12:33
574,U488U,ORG2645,['pending'],2021-05-18 00:38:42,2023-10-29 17:51:53
575,U3309I,U3677B,['accepted'],2022-09-23 07:36:06,2024-11-04 14:45:15
576,U3686U,U1895Z,['pending'],2021-11-14 13:37:01,2022-05-23 18:55:34
577,U3215H,U3948F,['pending'],2020-09-22 23:15:05,2024-12-20 22:40:36
578,U2060E,U3794C,['accepted'],2022-12-27 08:25:16,2023-02-20 08:06:05
579,U3319M,U2359Y,['pending'],2023-05-24 13:10:47,2024-04-16 09:52:31
580,U583S,U3009Z,['accepted'],2020-10-22 10:22:19,2024-02-28 02:16:21
581,U3954L,U1400K,['accepted'],2024-01-19 01:24:58,2024-03-22 08:56:56
582,U796S,U2686H,['accepted'],2022-12-27 02:47:08,2024-04-07 14:32:01
583,U1010E,ORG158,['accepted'],2023-06-03 20:08:38,2024-03-26 11:54:58
584,U671R,U3050P,['pending'],2024-12-22 21:26:57,2024-12-27 12:44:47
585,U745N,U3959S,['rejected'],2024-02-15 10:02:12,2024-06-30 19:04:09
586,U3487V,ORG1462,['accepted'],2020-03-26 23:28:43,2023-12-12 21:32:54
587,U3464P,ORG3578,['pending'],2021-07-19 02:54:20,2023-08-20 19:35:07
588,U435U,ORG1513,['accepted'],2022-03-17 13:29:27,2023-12-29 00:51:53
589,U1235H,U3738V,['rejected'],2023-06-01 15:23:14,2024-04-30 02:22:01
590,U2755J,U242Z,['accepted'],2022-08-13 17:38:20,2023-08-26 18:18:38
591,U468C,U1682R,['accepted'],2021-09-26 16:50:58,2022-11-14 05:03:14
592,U1769Z,ORG353,['accepted'],2021-01-15 06:11:41,2022-09-15 17:28:50
593,U592L,ORG1905,['accepted'],2020-03-07 13:46:33,2024-09-20 20:23:23
594,U161Y,U829J,['accepted'],2023-01-23 04:36:24,2024-07-28 21:22:08
595,U680Y,U1262U,['accepted'],2024-02-01 15:52:03,2024-07-17 21:35:44
596,U2792Q,U2033R,['pending'],2023-01-23 00:43:32,2023-07-19 08:05:01
597,U1580C,U220Y,['pending'],2020-03-02 10:42:12,2023-06-28 17:27:34
598,U3995D,ORG3146,['rejected'],2020-07-07 18:43:40,2023-11-03 19:20:24
599,U2410R,ORG3686,['accepted'],2022-01-21 12:42:09,2022-03-02 13:01:49
600,U3028I,U331U,['accepted'],2021-01-29 13:34:56,2022-05-04 18:45:35
601,U2191U,U1306Y,['accepted'],2021-04-08 17:52:51,2024-03-10 16:35:48
602,U3329H,ORG700,['accepted'],2020-07-21 07:50:29,2022-10-10 00:28:34
603,U1411D,U3453W,['pending'],2022-03-18 05:04:58,2023-02-04 13:33:55
604,U130U,U1515B,['accepted'],2023-06-22 18:25:32,2023-11-29 02:01:31
605,U2539N,U412Z,['pending'],2022-04-06 02:08:51,2022-12-27 13:11:09
606,U947K,U136O,['pending'],2024-10-24 09:00:08,2024-12-03 18:34:16
607,U206C,ORG2598,['accepted'],2021-10-09 08:11:34,2024-08-30 14:37:31
608,U1990M,U1813F,['pending'],2020-05-16 17:16:43,2024-06-07 18:59:32
609,U2341M,U3943C,['accepted'],2022-12-23 07:52:46,2023-03-22 19:36:34
610,U3506Y,U3875Q,['accepted'],2023-07-19 12:15:51,2024-12-08 08:36:57
611,U3742A,ORG2802,['pending'],2020-03-18 01:17:29,2022-08-30 04:02:18
612,U3978G,U3622F,['accepted'],2021-05-28 13:48:14,2023-08-02 09:39:26
613,U1141V,U3739I,['accepted'],2020-11-22 04:28:48,2021-02-08 11:55:08
614,U1867Z,ORG087,['accepted'],2020-04-15 17:48:06,2020-05-28 08:11:35
615,U859O,U3670G,['accepted'],2022-04-14 17:30:40,2023-02-06 09:59:50
616,U813M,U3668X,['pending'],2020-09-27 18:54:31,2021-12-30 00:51:34
617,U3606I,ORG2252,['pending'],2024-11-26 20:18:12,2024-12-06 21:24:24
618,U046W,ORG051,['accepted'],2023-09-12 20:09:07,2024-02-28 11:27:24
619,U2279Y,ORG863,['accepted'],2020-07-27 10:18:14,2023-11-21 16:17:53
620,U1110Q,ORG1628,['accepted'],2020-11-03 09:15:43,2021-04-01 21:57:54
621,U3569S,ORG3754,['pending'],2023-09-21 02:02:29,2024-11-18 06:31:08
622,U1896T,U1266O,['accepted'],2021-03-16 05:28:39,2021-10-14 04:56:10
623,U2388H,U321S,['pending'],2022-04-26 16:35:36,2024-06-12 05:27:10
624,U2022P,ORG2368,['rejected'],2021-04-16 00:15:48,2021-06-15 23:35:56
625,U2514G,U3905E,['accepted'],2024-04-09 21:39:54,2024-05-26 07:08:29
626,U1008G,U1729N,['accepted'],2023-10-24 09:48:59,2024-03-13 02:41:36
627,U3740E,U075P,['rejected'],2024-04-20 12:25:35,2024-12-09 23:04:09
628,U2197V,U1135L,['accepted'],2020-07-01 15:24:37,2021-02-08 21:16:20
629,U1894Y,U2684I,['accepted'],2022-10-12 15:03:50,2023-05-14 03:23:09
630,U3304U,ORG1436,['accepted'],2020-10-19 23:36:09,2024-06-10 14:13:38
631,U2195M,ORG832,['accepted'],2020-07-24 18:53:33,2022-10-13 03:26:43
632,U2461M,ORG2735,['rejected'],2023-02-21 13:26:49,2023-06-19 08:29:12
633,U710S,U1435O,['accepted'],2020-03-04 18:47:16,2024-11-08 13:56:34
634,U218O,ORG994,['pending'],2022-04-04 17:12:23,2024-08-26 19:44:58
635,U2047T,U412Z,['accepted'],2024-05-04 10:38:46,2024-06-19 04:32:16
636,U2559E,ORG1577,['accepted'],2024-05-14 02:09:35,2024-08-14 18:19:32
637,U1342E,U845D,['rejected'],2020-09-01 01:41:07,2024-07-19 03:51:20
638,U2828T,U1289P,['pending'],2024-08-29 05:30:47,2024-11-02 10:17:49
639,U491I,ORG3450,['accepted'],2024-11-12 07:24:50,2024-11-13 20:22:55
640,U3911B,ORG3915,['pending'],2021-02-08 21:39:03,2022-07-01 10:52:05
641,U3566E,U3437B,['accepted'],2022-11-24 23:11:40,2023-10-17 06:40:45
642,U511Y,U1915W,['accepted'],2023-11-29 03:26:12,2024-01-14 22:43:21
643,U2391E,U291B,['pending'],2021-01-18 09:58:50,2024-12-10 14:03:49
644,U3200R,U067P,['accepted'],2024-08-24 04:22:04,2024-12-21 03:20:35
645,U3629O,ORG476,['accepted'],2024-12-07 03:54:38,2024-12-12 06:26:38
646,U1990M,ORG3060,['pending'],2023-03-15 12:43:12,2023-09-03 20:32:33
647,U2814C,ORG2931,['pending'],2023-07-26 17:04:20,2024-08-30 23:16:33
648,U2481H,ORG3364,['accepted'],2023-01-01 10:40:59,2023-09-29 07:59:08
649,U2279Y,U002W,['accepted'],2022-03-19 14:55:57,2022-04-04 20:37:22
650,U2612Z,ORG3487,['accepted'],2023-11-18 18:07:27,2024-04-10 09:16:32
651,U3585C,U3930M,['pending'],2021-11-23 14:48:35,2022-08-06 19:21:37
652,U2373T,U1609J,['pending'],2023-11-06 04:59:12,2024-06-22 08:11:18
653,U2643O,U1140W,['pending'],2022-11-10 04:39:12,2023-11-03 13:17:17
654,U2884T,U1790D,['pending'],2024-08-11 09:13:22,2024-09-28 22:23:34
655,U3324V,ORG416,['rejected'],2022-11-09 01:04:47,2023-03-10 14:22:03
656,U881P,ORG770,['accepted'],2022-03-23 08:30:06,2024-03-04 20:23:00
657,U103G,U3806I,['pending'],2021-01-14 19:00:14,2021-11-19 04:32:51
658,U3859R,U2910A,['pending'],2024-01-16 00:57:15,2024-07-25 11:40:00
659,U2103Y,ORG3031,['accepted'],2024-12-03 11:53:36,2024-12-28 13:10:48
660,U3165T,U3089Z,['accepted'],2024-07-23 18:34:17,2024-09-16 18:51:16
661,U820L,U179M,['pending'],2023-07-13 14:55:23,2024-09-06 17:23:43
662,U1503V,ORG1030,['accepted'],2024-10-24 05:06:37,2024-11-08 10:43:06
663,U1318E,ORG1774,['pending'],2024-09-27 21:12:26,2024-11-19 04:49:46
664,U1260M,ORG1810,['pending'],2022-07-16 16:39:50,2023-04-02 17:38:03
665,U958Q,U2062E,['pending'],2023-05-07 09:45:22,2023-08-06 19:57:05
666,U1396J,U2368F,['rejected'],2024-11-25 11:41:10,2024-12-16 23:04:26
667,U3786X,U2426C,['accepted'],2020-07-22 07:05:54,2020-09-02 12:44:05
668,U3626Q,ORG1790,['pending'],2022-11-11 17:27:01,2023-08-22 22:13:55
669,U815O,ORG2716,['accepted'],2023-05-04 08:17:03,2024-01-21 07:17:24
670,U1036Y,ORG3053,['accepted'],2024-10-30 13:48:12,2024-12-02 16:15:33
671,U1000B,ORG3853,['accepted'],2022-11-28 23:51:47,2024-01-31 22:55:05
672,U190A,ORG2683,['accepted'],2024-11-18 21:30:34,2024-12-04 16:29:34
673,U433A,ORG1388,['accepted'],2020-01-20 10:19:25,2023-04-24 06:25:28
674,U059A,ORG2577,['pending'],2023-12-24 08:46:30,2024-11-25 16:55:31
675,U1221R,U2347I,['accepted'],2020-01-17 15:51:19,2022-10-27 06:16:18
676,U2249E,ORG3983,['pending'],2021-03-27 19:27:38,2021-11-13 16:33:28
677,U253S,ORG2683,['accepted'],2022-02-06 11:01:53,2024-04-27 14:30:13
678,U2135Y,ORG2268,['pending'],2024-08-31 13:01:36,2024-10-28 11:48:24
679,U3176O,ORG1942,['pending'],2022-07-15 10:31:13,2022-08-01 22:21:21
680,U218O,U1864A,['pending'],2023-12-04 10:56:36,2024-10-18 00:02:27
681,U312B,U2485E,['rejected'],2021-06-29 23:02:21,2022-12-31 11:03:29
682,U3633N,U3136V,['pending'],2020-02-24 13:07:38,2023-04-22 03:06:37
683,U2762G,U1578G,['accepted'],2022-06-18 08:52:31,2023-07-31 18:41:05
684,U2401Q,U1875W,['pending'],2021-02-07 00:28:05,2023-10-15 00:25:12
685,U1943M,ORG3327,['pending'],2024-03-30 19:03:14,2024-11-13 00:01:22
686,U3862Z,ORG1884,['accepted'],2021-07-27 18:46:50,2022-08-05 18:03:13
687,U3724M,U3151K,['accepted'],2023-08-02 17:50:16,2024-07-14 18:48:39
688,U3685V,U1490V,['rejected'],2020-07-15 02:30:13,2022-01-22 23:15:29
689,U3519U,ORG2418,['accepted'],2024-03-27 16:52:41,2024-06-23 16:36:20
690,U1638V,U2789T,['accepted'],2024-03-08 11:10:11,2024-08-03 09:59:00
691,U1199P,U3355X,['accepted'],2023-11-13 03:26:07,2023-11-29 10:19:00
692,U101P,ORG561,['accepted'],2022-11-16 05:38:14,2024-09-06 04:05:09
693,U348X,U1715I,['accepted'],2021-11-18 11:50:20,2021-12-05 07:30:38
694,U585C,U2311X,['accepted'],2023-09-08 06:46:11,2023-12-17 03:53:17
695,U2482K,U1413L,['accepted'],2021-11-22 01:03:27,2022-05-08 13:07:25
696,U1634C,ORG694,['pending'],2021-07-26 23:57:46,2024-03-06 06:41:09
697,U3144X,U749S,['pending'],2020-06-12 08:25:50,2023-09-28 06:12:22
698,U557S,ORG1192,['accepted'],2024-02-07 15:53:14,2024-09-10 05:50:16
699,U1716T,U1534X,['accepted'],2020-06-09 04:54:58,2022-11-11 18:40:01
700,U2954J,ORG1986,['accepted'],2023-04-19 19:47:49,2023-12-04 19:34:49
701,U3090T,U188S,['pending'],2020-11-05 06:22:46,2021-03-01 13:20:48
702,U234H,U2234Q,['accepted'],2020-02-03 02:09:23,2024-10-18 12:59:24
703,U1175Z,U2285W,['rejected'],2024-08-16 09:59:25,2024-09-12 14:04:09
704,U3002J,U3866O,['accepted'],2020-03-22 16:42:22,2022-04-13 22:51:39
705,U3142D,ORG2881,['accepted'],2024-11-07 20:59:11,2024-12-06 01:17:35
706,U3101M,U2289E,['accepted'],2021-11-21 17:46:41,2023-10-30 19:34:10
707,U1723Y,ORG372,['pending'],2024-04-15 00:24:54,2024-04-16 00:21:34
708,U1368E,U1268Y,['accepted'],2023-01-18 01:39:02,2024-11-14 22:30:33
709,U3838V,ORG1915,['rejected'],2020-03-21 14:25:46,2023-07-24 19:22:17
710,U3819G,ORG2268,['pending'],2021-02-01 09:38:20,2022-04-18 04:56:36
711,U1777P,U2997B,['accepted'],2021-11-17 15:15:20,2024-02-23 14:04:15
712,U1574B,ORG3249,['rejected'],2021-12-19 02:07:29,2022-11-04 05:57:27
713,U3475N,ORG2192,['rejected'],2020-05-18 01:09:03,2024-06-25 16:33:44
714,U3461P,U3353N,['accepted'],2020-05-06 18:16:49,2021-04-03 21:43:58
715,U2040M,ORG2823,['pending'],2021-07-08 10:03:42,2023-04-14 21:50:06
716,U1237E,ORG3335,['pending'],2022-07-21 10:32:15,2023-11-11 20:04:12
717,U850Z,ORG3159,['accepted'],2022-08-02 08:39:53,2023-06-14 08:47:54
718,U3159L,ORG655,['pending'],2020-01-10 03:17:01,2021-08-11 18:06:46
719,U1882R,U1830Y,['accepted'],2021-09-14 11:06:23,2022-06-12 16:45:38
720,U3293N,U796S,['accepted'],2021-09-01 19:59:07,2022-11-30 16:37:04
721,U3188N,ORG1253,['accepted'],2024-05-19 01:56:55,2024-11-25 17:05:09
722,U561T,ORG148,['accepted'],2023-05-18 18:42:07,2023-11-02 16:45:36
723,U2325Q,U2057A,['accepted'],2024-12-10 22:12:28,2024-12-21 21:19:43
724,U1300Y,U2881R,['pending'],2023-05-30 09:56:54,2024-07-25 20:22:18
725,U3505G,ORG3758,['accepted'],2023-09-26 20:35:12,2024-05-21 21:59:51
726,U938D,ORG3118,['rejected'],2023-05-01 21:11:26,2023-11-07 23:27:44
727,U075P,ORG3003,['pending'],2020-09-10 13:40:59,2021-03-12 07:06:48
728,U482P,ORG2058,['rejected'],2022-08-13 17:26:32,2023-07-04 15:52:49
729,U2850D,ORG1506,['pending'],2022-10-19 08:32:26,2024-07-28 10:42:23
730,U1257J,U3303Q,['pending'],2023-07-19 19:44:27,2024-03-20 02:40:59
731,U147U,ORG882,['pending'],2020-03-22 17:11:30,2022-05-01 02:50:01
732,U2428I,ORG3491,['pending'],2021-09-05 04:22:22,2023-12-08 10:46:48
733,U2978E,U361R,['accepted'],2022-01-05 21:31:03,2022-05-29 07:53:54
734,U1729N,ORG2168,['pending'],2024-10-29 17:14:10,2024-12-24 22:12:53
735,U2176N,ORG2404,['accepted'],2020-07-02 18:32:27,2022-03-19 04:26:36
736,U1166X,ORG1194,['pending'],2022-11-03 20:28:45,2023-06-25 05:36:47
737,U3525Q,ORG3782,['accepted'],2020-07-14 08:48:59,2023-01-23 18:15:46
738,U3782G,U2882Y,['pending'],2024-05-30 17:25:00,2024-10-27 17:32:27
739,U3979V,ORG840,['accepted'],2023-06-12 12:56:21,2024-04-13 20:35:33
740,U2763O,ORG613,['accepted'],2024-03-29 20:11:17,2024-12-25 02:55:43
741,U706C,ORG2999,['accepted'],2022-09-14 15:07:10,2024-01-30 17:37:45
742,U2544B,ORG2296,['pending'],2022-04-16 19:43:01,2023-08-11 16:26:41
743,U2868B,ORG2055,['rejected'],2024-08-21 00:20:16,2024-12-04 08:05:05
744,U1964F,U575T,['pending'],2022-02-05 02:12:33,2024-09-21 06:22:26
745,U216U,ORG2166,['pending'],2024-07-20 20:42:05,2024-12-28 14:58:30
746,U217D,ORG147,['accepted'],2020-05-07 12:25:02,2020-05-17 23:32:17
747,U2693C,U2041A,['pending'],2022-05-03 17:55:47,2023-12-02 18:45:39
748,U3215H,U2990Q,['accepted'],2020-03-16 01:48:27,2024-01-30 16:56:04
749,U1973L,ORG1860,['accepted'],2024-02-15 06:54:54,2024-03-27 14:22:53
750,U2693C,U3974Z,['accepted'],2020-10-29 23:43:22,2022-07-30 20:28:08
751,U676N,U478K,['accepted'],2022-11-17 23:19:33,2023-09-08 14:42:15
752,U1799O,ORG3285,['accepted'],2021-11-30 09:17:05,2024-01-09 23:13:00
753,U1564V,U1254N,['accepted'],2021-01-24 22:12:43,2024-12-21 06:31:48
754,U086J,U2861A,['pending'],2022-01-04 20:22:04,2022-08-09 07:44:57
755,U2031F,ORG556,['pending'],2022-03-29 08:41:11,2022-06-28 02:00:58
756,U2608J,U107J,['rejected'],2023-04-14 19:06:51,2023-07-06 04:17:37
757,U1768K,ORG1390,['accepted'],2023-02-04 07:03:06,2023-09-18 03:11:42
758,U2626H,U113K,['accepted'],2022-11-24 17:53:06,2023-05-13 14:52:47
759,U385V,U2478X,['accepted'],2021-09-12 08:59:15,2024-10-26 07:58:58
760,U597S,U608K,['accepted'],2023-03-31 08:29:42,2023-11-18 10:48:54
761,U759G,ORG1964,['accepted'],2021-07-04 14:30:55,2022-09-28 17:31:04
762,U790I,ORG2533,['accepted'],2022-10-30 07:29:07,2023-08-13 03:17:18
763,U791M,ORG441,['accepted'],2022-08-26 19:29:24,2023-09-28 16:28:13
764,U843U,U507L,['accepted'],2022-06-25 08:09:49,2023-06-28 04:51:28
765,U2976D,ORG2091,['accepted'],2020-02-02 10:39:54,2024-02-21 04:41:30
766,U3433O,U960A,['accepted'],2021-08-24 08:28:42,2024-07-12 18:08:46
767,U159S,U1550M,['pending'],2020-03-16 13:12:51,2024-11-18 13:07:19
768,U2406X,ORG3853,['rejected'],2024-04-23 23:17:45,2024-06-20 10:13:24
769,U3098M,U049H,['accepted'],2024-10-09 21:09:58,2024-12-04 18:33:14
770,U3702Q,ORG1738,['pending'],2020-09-01 00:10:12,2021-10-14 09:38:05
771,U3752H,ORG254,['rejected'],2024-06-18 06:34:34,2024-09-07 01:20:21
772,U368Q,U2699C,['accepted'],2020-06-26 23:24:48,2021-05-09 17:47:56
773,U2487A,U597S,['pending'],2022-03-12 01:42:48,2024-07-30 14:11:32
774,U344T,U330B,['pending'],2020-10-20 07:30:41,2021-09-14 10:52:23
775,U1281P,ORG1023,['rejected'],2022-01-24 16:46:46,2023-03-23 21:36:57
776,U732L,U3362Q,['pending'],2020-08-29 16:40:46,2021-06-25 19:59:07
777,U490S,U1246C,['accepted'],2020-09-17 01:36:13,2022-12-30 12:11:42
778,U017V,U727C,['accepted'],2021-07-03 20:25:54,2022-04-29 16:57:47
779,U1400K,ORG3806,['pending'],2024-06-02 22:10:28,2024-08-05 04:10:51
780,U1520N,ORG1819,['pending'],2023-08-01 22:51:58,2024-05-28 07:03:22
781,U3473P,U779K,['pending'],2024-06-22 02:03:24,2024-07-20 03:17:23
782,U3333T,ORG068,['accepted'],2021-05-18 20:06:09,2024-06-02 05:57:10
783,U2549B,U798I,['pending'],2021-04-21 03:29:10,2021-10-05 07:00:37
784,U621U,ORG3443,['pending'],2024-10-28 07:06:08,2024-12-25 06:25:43
785,U2776K,ORG2463,['accepted'],2021-12-17 08:24:44,2023-05-08 00:39:36
786,U539O,U1967B,['accepted'],2021-12-29 05:43:49,2022-07-19 14:53:26
787,U2788T,ORG1360,['pending'],2024-12-18 12:18:55,2024-12-19 08:44:56
788,U3698I,ORG2557,['accepted'],2020-05-31 12:20:29,2024-03-15 12:24:43
789,U2984N,ORG748,['rejected'],2022-02-03 16:39:19,2024-08-31 05:38:16
790,U3535S,U3585C,['rejected'],2023-04-26 15:39:35,2024-01-27 01:05:30
791,U432A,ORG1052,['pending'],2020-07-28 12:59:28,2022-10-23 00:13:40
792,U3615T,U2334X,['pending'],2021-05-28 17:41:26,2022-08-06 20:55:36
793,U2299U,U132F,['accepted'],2021-08-07 11:57:38,2022-01-26 14:16:29
794,U658V,U968A,['pending'],2022-05-10 20:06:16,2024-11-29 22:32:01
795,U894D,U1716T,['accepted'],2023-06-29 08:43:02,2023-11-24 11:19:26
796,U1755U,ORG3395,['accepted'],2020-04-04 21:22:41,2023-01-02 23:00:58
797,U530F,U1504P,['pending'],2022-07-26 20:11:15,2022-09-23 14:11:14
798,U512X,U475I,['pending'],2022-02-11 02:26:49,2023-11-29 16:48:06
799,U2938A,U1167I,['rejected'],2022-05-05 16:51:51,2024-09-19 23:32:40
800,U2496W,U1922V,['pending'],2023-09-14 07:02:08,2024-04-20 17:58:09
801,U3234N,U2150I,['pending'],2023-06-08 19:58:56,2024-09-10 00:44:17
802,U544U,U135V,['accepted'],2020-07-08 17:36:33,2022-09-01 04:02:40
803,U3863T,ORG3528,['accepted'],2020-05-11 22:47:19,2022-02-11 06:05:48
804,U1306Y,ORG3338,['pending'],2020-02-21 12:11:48,2024-11-11 07:31:13
805,U3881F,U2945B,['accepted'],2022-01-26 14:08:13,2024-03-21 13:28:21
806,U861I,ORG193,['accepted'],2020-05-26 01:06:35,2020-08-09 15:27:02
807,U3925W,ORG133,['rejected'],2021-08-04 21:47:46,2023-09-17 12:39:18
808,U2602S,U1413L,['pending'],2023-04-26 22:15:11,2023-05-29 14:27:50
809,U3551T,ORG827,['accepted'],2021-12-16 17:50:45,2022-12-27 04:59:41
810,U3095H,U401V,['accepted'],2021-06-11 07:52:51,2022-05-30 12:09:03
811,U3529D,ORG1173,['accepted'],2023-04-19 01:13:09,2023-11-28 09:10:51
812,U1883A,U2628T,['pending'],2020-01-28 16:39:18,2021-06-09 11:02:23
813,U444N,U3946U,['accepted'],2021-12-22 17:57:54,2023-02-04 11:02:37
814,U1471B,U3434F,['pending'],2022-05-10 21:27:41,2024-10-16 08:18:49
815,U704B,U3550N,['pending'],2024-03-11 16:43:57,2024-11-25 05:27:30
816,U2033R,ORG3471,['pending'],2024-04-30 00:56:05,2024-08-03 17:21:25
817,U2126Y,U2142N,['accepted'],2020-12-18 12:20:15,2022-06-03 20:41:54
818,U3257J,ORG3281,['accepted'],2021-08-16 19:13:29,2022-04-11 00:45:02
819,U2169M,ORG1996,['pending'],2024-09-07 14:57:39,2024-10-23 06:50:09
820,U1283Y,U2858Y,['pending'],2024-02-07 16:28:29,2024-03-17 13:43:48
821,U124C,ORG2211,['pending'],2021-06-11 11:57:08,2024-06-12 14:46:06
822,U2491I,ORG2054,['accepted'],2020-06-05 17:24:26,2023-10-07 15:09:10
823,U1406Z,ORG2695,['rejected'],2020-07-05 14:06:32,2021-12-05 17:58:37
824,U3962U,ORG2592,['accepted'],2020-02-25 00:53:12,2022-03-21 23:41:08
825,U2947A,ORG1125,['accepted'],2022-09-26 19:42:33,2024-04-19 09:46:42
826,U3509T,U418E,['accepted'],2024-04-07 22:27:12,2024-10-29 22:39:22
827,U3506Y,U3753N,['rejected'],2022-09-26 21:00:20,2024-10-28 22:52:11
828,U1191Z,ORG3342,['accepted'],2022-02-06 16:18:43,2022-06-19 06:38:42
829,U1926L,U2040M,['accepted'],2020-09-08 21:10:04,2021-06-11 10:25:14
830,U1542M,U1681D,['accepted'],2024-12-25 14:40:18,2024-12-29 00:36:42
831,U2255S,ORG192,['accepted'],2024-11-09 13:59:59,2024-12-29 03:24:27
832,U2978E,ORG078,['accepted'],2021-05-24 17:53:47,2022-10-19 22:46:22
833,U1545Y,U1433H,['pending'],2024-09-22 10:03:37,2024-11-30 22:41:47
834,U241Z,ORG224,['pending'],2022-05-15 14:24:18,2023-09-27 14:38:42
835,U2789T,U3969V,['pending'],2021-08-22 00:23:18,2022-03-14 19:18:16
836,U967B,ORG1342,['accepted'],2024-08-31 11:34:42,2024-09-13 07:36:32
837,U666I,U162X,['accepted'],2024-07-24 19:41:55,2024-11-10 15:13:52
838,U3011D,ORG891,['pending'],2021-03-06 08:54:36,2024-09-10 12:36:29
839,U2317K,ORG2450,['accepted'],2023-12-03 22:35:15,2024-08-31 03:53:58
840,U1936Z,ORG905,['accepted'],2022-02-22 07:58:32,2023-03-27 02:24:21
841,U1159E,U2475T,['accepted'],2020-07-24 18:07:19,2022-02-07 23:17:09
842,U2692H,U422P,['accepted'],2021-08-19 21:55:09,2022-09-21 14:15:28
843,U1126T,ORG814,['pending'],2023-07-10 16:37:44,2024-04-08 17:47:59
844,U1291W,U2862U,['accepted'],2023-04-06 17:41:52,2024-11-19 15:54:02
845,U2890R,ORG2188,['accepted'],2023-06-29 22:15:18,2024-11-27 14:11:15
846,U3801U,ORG2104,['accepted'],2023-12-28 01:40:22,2024-03-24 19:24:33
847,U3879D,ORG439,['accepted'],2021-09-09 13:13:17,2023-05-15 04:35:27
848,U3594S,U1678I,['accepted'],2022-06-07 05:51:24,2023-02-28 04:17:31
849,U3107G,ORG3962,['pending'],2022-04-13 19:11:47,2023-06-10 16:56:21
850,U3881F,ORG1680,['pending'],2021-08-20 11:42:43,2024-07-08 17:59:28
851,U2659O,U3493K,['accepted'],2022-04-25 20:29:54,2024-04-13 08:44:51
852,U2356R,ORG2480,['accepted'],2020-01-12 17:37:35,2021-06-22 06:34:02
853,U599J,U562A,['accepted'],2023-04-20 21:51:48,2023-08-14 19:25:31
854,U2062E,ORG798,['pending'],2021-12-19 15:31:29,2024-12-08 05:36:52
855,U1822I,U1525Q,['pending'],2024-09-08 08:10:18,2024-12-03 22:03:12
856,U1099M,U2523J,['pending'],2024-02-01 18:02:03,2024-05-20 14:12:55
857,U1677O,ORG3107,['accepted'],2024-04-23 08:58:05,2024-12-02 11:53:22
858,U2856F,ORG790,['accepted'],2021-01-08 03:27:20,2022-12-15 03:19:24
859,U486I,U3095H,['accepted'],2024-04-08 20:59:24,2024-05-20 19:37:44
860,U506M,U1722U,['pending'],2020-01-01 19:45:45,2024-02-27 13:37:15
861,U544U,ORG1247,['pending'],2023-11-08 15:20:39,2024-10-20 16:45:38
862,U3057R,U1816Z,['pending'],2022-11-21 06:28:21,2024-11-12 11:25:06
863,U1183L,U3362Q,['accepted'],2021-02-26 04:39:31,2024-12-21 11:57:24
864,U1888D,ORG1903,['rejected'],2024-03-17 08:17:43,2024-04-28 21:22:16
865,U3472L,ORG3638,['accepted'],2020-07-24 11:24:28,2024-10-22 13:52:28
866,U2366E,ORG2997,['accepted'],2023-06-24 03:03:32,2024-03-28 18:27:10
867,U2139I,U803O,['pending'],2024-09-28 16:10:21,2024-10-25 11:59:36
868,U3923M,U971M,['accepted'],2020-06-08 02:31:23,2023-08-16 12:09:32
869,U614G,ORG3446,['rejected'],2023-02-13 12:03:49,2024-03-30 14:00:31
870,U476V,ORG3362,['pending'],2021-12-30 01:38:06,2024-02-26 13:24:37
871,U1959A,U3414Y,['rejected'],2023-08-06 06:26:03,2023-11-13 07:34:40
872,U1180W,ORG894,['pending'],2022-04-05 10:04:57,2022-07-24 18:45:52
873,U3047R,U2766C,['accepted'],2021-03-08 21:44:41,2024-08-06 10:52:07
874,U1761L,ORG3000,['accepted'],2023-07-27 19:59:59,2023-10-28 07:50:46
875,U2892B,U1390K,['accepted'],2021-01-17 01:23:42,2022-02-03 03:49:45
876,U1774Y,ORG822,['accepted'],2020-03-06 05:27:41,2022-07-14 01:48:42
877,U2777P,U2069F,['pending'],2021-04-07 00:59:11,2024-03-22 18:17:10
878,U2728S,U1317K,['accepted'],2024-06-06 03:15:24,2024-10-10 13:02:07
879,U1568J,U1151Q,['accepted'],2020-12-20 06:47:52,2023-03-07 09:10:36
880,U2753P,ORG1887,['accepted'],2023-06-28 19:40:10,2024-10-08 05:05:07
881,U2446K,ORG667,['accepted'],2020-07-17 20:07:12,2023-06-29 13:22:32
882,U3979V,U2374B,['accepted'],2021-10-14 21:15:29,2023-11-30 18:28:50
883,U2039H,U2885I,['pending'],2021-01-01 22:57:21,2021-05-14 01:22:46
884,U779K,ORG2797,['pending'],2023-08-22 13:34:27,2024-01-29 08:42:58
885,U3012T,U1015D,['pending'],2020-07-07 01:49:41,2021-07-27 14:06:11
886,U816F,U1604Z,['pending'],2023-10-17 11:10:58,2024-02-06 03:03:20
887,U3185R,U1840W,['accepted'],2024-06-15 16:50:33,2024-06-22 01:16:03
888,U015C,ORG831,['pending'],2022-01-31 08:17:43,2024-04-11 15:58:14
889,U1090S,ORG602,['pending'],2021-10-06 07:09:03,2023-04-26 11:07:06
890,U2323F,ORG2650,['rejected'],2023-03-01 06:25:04,2024-03-03 02:01:19
891,U2128P,U3092X,['pending'],2022-08-16 07:11:46,2023-03-02 09:26:19
892,U2785N,U1735O,['accepted'],2022-07-04 11:55:55,2023-12-15 12:45:21
893,U102N,ORG2964,['pending'],2023-08-19 13:47:15,2024-09-27 09:20:49
894,U1179F,U1806S,['accepted'],2021-11-25 01:15:13,2022-12-25 02:24:41
895,U914X,U2929M,['accepted'],2023-02-22 21:34:16,2023-06-03 23:03:52
896,U813M,ORG2505,['pending'],2024-02-20 15:28:11,2024-11-17 13:17:57
897,U3556G,U3760X,['accepted'],2024-07-19 02:08:15,2024-09-09 21:00:12
898,U3209Q,ORG2738,['accepted'],2022-01-01 18:38:36,2023-05-20 06:33:57
899,U2114A,ORG3077,['pending'],2020-07-20 14:27:54,2020-10-02 03:03:22
900,U2412I,ORG935,['pending'],2024-10-07 11:28:23,2024-12-15 03:04:44
901,U2506K,ORG047,['rejected'],2024-05-20 15:20:31,2024-05-31 06:20:38
902,U3783G,ORG2722,['pending'],2022-05-31 13:28:14,2022-09-22 21:17:18
903,U2159D,ORG2965,['pending'],2021-12-11 08:49:30,2023-10-06 06:13:51
904,U581Z,ORG301,['pending'],2020-04-03 06:00:58,2020-08-11 07:47:46
905,U2713O,ORG3018,['rejected'],2020-10-10 07:45:30,2021-09-21 17:13:39
906,U1275X,ORG625,['pending'],2021-02-08 18:47:07,2024-06-26 05:16:01
907,U942W,ORG152,['pending'],2021-03-22 03:51:56,2024-04-12 20:32:32
908,U3472L,U981Y,['pending'],2024-11-07 08:20:13,2024-12-29 09:42:17
909,U1894Y,ORG1910,['accepted'],2020-07-04 23:26:17,2024-06-15 13:32:58
910,U168P,ORG538,['pending'],2021-08-18 23:59:34,2022-03-29 06:40:22
911,U3415W,ORG1915,['accepted'],2022-01-24 22:45:09,2023-11-28 12:09:24
912,U1133K,U147U,['accepted'],2024-10-13 01:35:40,2024-10-22 22:07:37
913,U1056B,ORG1655,['pending'],2024-08-11 06:25:23,2024-11-03 06:39:46
914,U1584H,U826Q,['accepted'],2021-12-09 09:22:33,2024-01-08 15:01:59
915,U2691B,ORG777,['rejected'],2024-12-19 05:45:53,2024-12-21 05:06:46
916,U1856K,U1882R,['accepted'],2020-07-29 23:18:08,2024-03-14 00:52:21
917,U2975S,U351Q,['pending'],2021-04-08 16:50:49,2023-10-30 22:19:17
918,U3313A,U2699C,['accepted'],2020-06-09 15:12:48,2024-10-05 19:40:42
919,U2312L,U1392W,['rejected'],2024-05-17 12:39:51,2024-10-13 07:53:19
920,U334S,U3179D,['pending'],2023-07-25 00:13:12,2024-01-09 05:31:32
921,U1784D,U3075P,['pending'],2021-12-21 17:19:30,2023-08-24 01:42:48
922,U2875W,ORG1063,['pending'],2023-03-20 18:32:12,2023-11-22 18:40:45
923,U3086Q,ORG2218,['accepted'],2020-10-22 00:24:55,2024-03-31 15:40:29
924,U3802G,U3379E,['accepted'],2023-07-11 16:56:27,2023-09-29 12:58:51
925,U262G,U748G,['accepted'],2023-11-17 19:33:39,2024-04-02 08:11:04
926,U448K,ORG304,['accepted'],2021-01-03 15:39:05,2021-10-15 07:02:06
927,U395A,ORG3315,['pending'],2022-07-15 17:04:02,2023-03-04 04:41:46
928,U1083M,ORG3322,['pending'],2022-04-19 03:09:10,2023-07-24 07:44:27
929,U3617G,ORG364,['pending'],2023-12-21 05:02:06,2024-04-19 01:27:11
930,U1060Z,U850Z,['accepted'],2024-05-16 07:28:53,2024-05-27 21:31:19
931,U1086V,U1096A,['rejected'],2020-05-18 06:26:29,2024-02-02 00:54:52
932,U1474H,U3321O,['pending'],2022-07-23 22:05:52,2023-09-23 08:56:39
933,U2140G,ORG2180,['pending'],2023-05-25 14:57:53,2024-08-02 17:04:16
934,U2173T,U1748S,['rejected'],2021-01-03 12:07:25,2022-02-08 13:19:43
935,U1586R,U2387P,['accepted'],2022-07-08 18:04:39,2023-11-22 03:39:05
936,U2011A,U1102O,['pending'],2021-01-08 21:42:13,2024-09-10 04:16:42
937,U1702D,ORG916,['accepted'],2020-07-19 12:25:18,2021-09-06 07:38:46
938,U3252G,ORG2835,['accepted'],2023-10-01 11:20:10,2024-08-01 11:20:13
939,U952T,ORG2150,['accepted'],2020-03-14 23:42:50,2024-03-26 20:19:47
940,U3347B,ORG726,['rejected'],2020-05-11 20:37:51,2024-11-22 02:00:45
941,U3758V,ORG1773,['pending'],2024-12-07 11:21:04,2024-12-08 12:48:14
942,U1228G,ORG2453,['accepted'],2024-06-23 05:47:17,2024-11-08 08:17:50
943,U2859R,ORG538,['pending'],2022-10-23 19:10:16,2024-05-13 23:09:39
944,U2320F,U894D,['pending'],2024-05-27 10:29:45,2024-07-07 04:01:21
945,U3879D,ORG1500,['accepted'],2022-02-02 00:24:36,2023-04-23 19:44:31
946,U487W,ORG605,['accepted'],2022-05-15 19:57:09,2023-03-02 06:47:56
947,U3578J,U2166N,['pending'],2023-05-10 11:49:31,2023-10-08 21:38:13
948,U215L,U1446I,['pending'],2021-05-18 19:41:48,2022-05-31 07:37:20
949,U1877J,U3103T,['rejected'],2024-01-31 20:31:58,2024-12-09 20:04:36
950,U3664F,U3785Z,['accepted'],2023-08-30 05:15:22,2023-11-20 16:52:32
951,U3582R,U806W,['accepted'],2021-12-18 00:32:05,2024-10-19 07:51:27
952,U875O,ORG2597,['accepted'],2020-10-22 13:39:43,2022-05-26 15:04:13
953,U661H,U1623I,['accepted'],2020-10-05 07:13:46,2022-04-23 20:04:41
954,U3520R,U2483M,['pending'],2021-03-20 13:40:59,2023-06-05 07:36:56
955,U2146L,ORG134,['pending'],2021-01-15 23:09:55,2022-07-13 14:15:45
956,U3364S,ORG3353,['accepted'],2022-02-10 20:08:25,2024-11-12 08:58:35
957,U959H,U1421I,['pending'],2022-06-02 22:14:57,2024-05-31 09:07:05
958,U2446K,U3324V,['pending'],2021-11-06 14:31:38,2024-12-05 20:29:46
959,U414G,U2617P,['accepted'],2020-06-01 05:49:55,2024-05-27 05:11:49
960,U267U,ORG3752,['pending'],2024-05-02 21:45:43,2024-05-12 08:44:10
961,U467Z,ORG1963,['pending'],2023-01-30 23:24:41,2024-11-28 02:29:09
962,U807K,U110K,['rejected'],2020-06-05 04:39:19,2022-04-29 07:42:31
963,U2199E,U567R,['pending'],2024-06-07 06:50:50,2024-12-13 05:44:31
964,U3302G,U2075Y,['accepted'],2022-10-18 02:33:18,2024-11-24 09:39:56
965,U3723H,ORG932,['accepted'],2020-04-21 05:27:37,2022-03-02 13:21:37
966,U2845Z,ORG2394,['pending'],2023-06-16 14:48:00,2023-09-17 01:44:05
967,U2595N,ORG2170,['pending'],2023-12-02 05:40:02,2024-06-10 09:28:01
968,U2974T,U1956I,['pending'],2020-06-22 17:40:12,2021-05-11 10:59:48
969,U3306S,ORG2285,['pending'],2020-06-08 20:28:12,2024-09-22 03:30:16
970,U906B,U674V,['accepted'],2023-07-02 15:42:16,2024-11-19 19:25:00
971,U3516A,U1634C,['accepted'],2020-02-07 04:03:51,2023-08-17 06:19:03
972,U2400I,U007J,['accepted'],2023-05-04 02:50:42,2024-05-12 08:22:59
973,U572V,ORG1415,['pending'],2023-04-27 09:40:09,2024-03-28 23:31:11
974,U1189E,U3128N,['pending'],2023-07-18 10:00:06,2024-10-30 10:15:58
975,U2873L,ORG1871,['pending'],2020-10-14 09:52:52,2022-02-12 15:13:05
976,U2322P,ORG2232,['accepted'],2021-02-18 05:10:04,2024-03-26 01:47:49
977,U1327E,ORG1722,['accepted'],2023-06-12 08:07:14,2023-12-06 05:23:51
978,U2983K,ORG3732,['accepted'],2024-01-14 19:30:42,2024-02-27 23:28:34
979,U1314L,U2460U,['accepted'],2020-09-09 12:40:33,2024-10-23 23:37:37
980,U3808I,U1768K,['accepted'],2024-06-01 15:17:26,2024-08-21 17:40:16
981,U1897S,ORG1366,['accepted'],2023-07-19 04:54:52,2023-10-02 00:27:03
982,U1286U,U1414J,['pending'],2022-06-30 00:52:56,2024-09-13 18:51:54
983,U2909I,U474K,['accepted'],2024-02-26 19:30:03,2024-07-10 09:53:43
984,U888E,ORG964,['pending'],2023-11-05 09:39:31,2024-02-28 11:32:59
985,U1540D,ORG681,['accepted'],2022-11-26 04:06:01,2024-07-16 11:42:52
986,U3044H,U1281P,['accepted'],2020-10-31 22:24:22,2022-07-14 06:31:26
987,U793K,U658V,['pending'],2020-10-23 10:18:42,2021-12-08 10:28:12
988,U3068M,U3043Y,['accepted'],2020-07-21 07:41:12,2020-12-18 22:18:47
989,U3224P,U049H,['accepted'],2022-06-20 19:38:19,2024-07-28 01:46:14
990,U3896N,ORG591,['accepted'],2023-10-08 08:12:42,2024-06-28 05:31:01
991,U3864N,U1920S,['pending'],2024-10-10 13:19:07,2024-12-22 22:49:22
992,U478K,ORG2200,['accepted'],2020-10-09 11:19:04,2022-12-28 16:02:57
993,U2263N,U3507N,['accepted'],2022-03-28 00:14:53,2024-12-16 04:47:24
994,U2392D,U1237E,['pending'],2024-06-21 16:12:10,2024-07-02 03:44:42
995,U3674G,U503F,['pending'],2023-06-16 12:23:28,2023-09-04 20:26:29
996,U676N,ORG906,['rejected'],2021-09-29 13:16:03,2023-09-04 23:52:04
997,U2815X,U287K,['accepted'],2022-04-14 02:57:02,2023-01-14 02:00:47
998,U2243L,U2670Y,['accepted'],2021-12-19 16:21:49,2024-12-20 06:12:54
999,U234H,U2894N,['accepted'],2023-02-18 21:54:29,2024-01-27 04:53:34
1000,U1948G,U916M,['rejected'],2023-09-15 07:08:05,2024-01-09 20:04:45
