id,title,source,url,summary,slug,entry_type,author,content,author_name,author_image,content_vector,categories,tags,address,location,week_day,start_date,start_time,end_date,end_time,created_at,updated_at
New001,Switchable eco-centric challenge,johnston.com,https://www.vega-james.com/,Debate good woman book.,computer-score,auto,,Head factor example own technology allow phone civil. Quickly left himself new relate interest. Eight during evidence.,Erik Davis,,,"['Music', 'Culture', 'Art']","['Sports', 'Opinion', 'Gaming']","679 Owens Pike
Lake Josephmouth, AR 29557",Maldives,tuesday,2024-04-08,21:42:31,,,2023-10-27 16:21:46.193427,2020-08-15 02:19:08.737372
New002,Polarized 5thgeneration paradigm,NACB,https://www.leblanc.com/,Nothing Republican production yeah school organization.,miss-federal,manual,,There western include how available class line appear. Somebody item including work. Happen end share product religious past bed blue.,Joel Mendez,,,"['Entertainment', 'Fashion', 'Music']","['Finance', 'Entertainment', 'Food']","USNS Garcia
FPO AE 60424",Saint Kitts and Nevis,monday,2024-01-12,07:05:31,,21:05:10,2021-08-01 06:07:45.637836,2024-05-06 14:39:26.527596
New003,Self-enabling dynamic adapter,NACB,https://www.simmons.info/,Daughter mother bring among better field watch.,activity-claim-body,manual,72.0,"Kind walk research interesting possible.
Prove tonight into tax reason some. Wide project discuss American fill. And whom develop large.",Matthew Collins,,,"['Travel', 'Culture', 'Education']","['Travel', 'Sports', 'Politics', 'Automotive']","9905 Palmer Locks
New Christina, KY 52487",Macau S.A.R.,tuesday,2024-01-09,05:12:28,,,2023-12-09 10:56:15.975186,2021-03-13 19:20:47.498044
New004,Enhanced exuding contingency,rodriguez.net,https://www.jensen-thompson.com/,Far experience minute hope them artist.,form-statement-or,auto,44.0,"Table evidence must billion teacher. Policy region loss half time occur fast.
State know note. Free face nor alone name born study. Current us soldier.",Manuel Williams,,,['Politics'],"['Gaming', 'Automotive', 'Culture', 'Lifestyle']","0951 Marshall Valleys Suite 429
Bradleyview, VI 93747",Eritrea,wednesday,2024-06-22,04:43:17,,20:46:08,2022-05-21 11:36:59.643483,2022-06-25 21:30:22.676821
New005,Robust high-level secured line,wall-jenkins.com,http://roberts.biz/,Collection either sister full.,born-article-plant,auto,,Understand up hold red skin including. Total purpose high avoid a among throughout industry. Wall sometimes offer business. Left happy type record lose expect.,Jennifer Palmer,,,"['Sports', 'Opinion']","['Art', 'Travel']","695 Rachel Pine
Woodside, ND 03746",Kyrgyzstan,friday,2024-04-28,12:38:38,,,2021-02-04 03:24:40.971253,2023-05-22 09:21:26.185974
New006,Integrated global complexity,NACB,https://sheppard-nelson.biz/,Indicate increase agreement involve right.,back-matter-note,manual,78.0,"Crime get there send similar close. Miss deep color business account live together.
Stage close film must do direction. Always author senior nothing. Good tend agree.",Cheryl Hughes,,,"['Politics', 'Food']","['Fashion', 'Automotive']","28317 White Ridge Apt. 823
Sharonhaven, KY 85829",Mali,saturday,2024-02-11,20:39:34,2024-04-09,,2023-12-19 15:54:12.099935,2021-03-12 01:16:07.260954
New007,Exclusive cohesive middleware,olsen.com,https://johnson.org/,Nothing tough difference discussion word strategy.,short-you-road-red,manual,,"Yet goal open then adult state. Onto force glass agreement. Six success information fast.
Identify west deal even. Win law open site deal let. By reach long young.",Michael Nguyen,,,"['Music', 'Opinion', 'Technology']","['Health', 'Law', 'Lifestyle']","2386 Nolan Court
Seanstad, WY 84851",Chad,tuesday,2024-02-22,23:53:08,2024-02-15,,2024-07-22 20:14:42.700769,2020-07-02 09:18:55.856428
New008,Expanded well-modulated forecast,NACB,http://www.howard.info/,Century relate force police few.,student-type-sure,manual,45.0,Ready indicate country child draw leader safe. Type should cause hundred. Magazine paper about thousand bed do sing.,Anthony Hall,,,"['Automotive', 'Health']","['Opinion', 'Health', 'Fashion', 'Music', 'Politics']","37045 Gavin Summit Suite 214
Carrollmouth, PA 07900",Mexico,tuesday,2024-05-07,20:04:29,,12:38:13,2020-03-21 13:53:28.430750,2024-03-20 23:34:42.269347
New009,Cross-platform leadingedge customer loyalty,NACB,http://www.crawford.org/,Direction difficult behavior know visit move short respond.,church-able-so-job,auto,,Car leave keep short plan keep age. Manage so resource group impact. Total learn everybody type anyone.,Bradley Massey DDS,,,['Startups'],"['Health', 'Opinion', 'Law', 'Education', 'Environment']","PSC 8970, Box 8356
APO AP 86335",Bermuda,saturday,2024-03-11,22:03:09,2024-06-23,,2021-05-04 14:31:44.599918,2022-11-30 03:13:35.344638
New010,Compatible maximized policy,NACB,http://www.davidson-williams.com/,Concern ago three window.,five-leg-under,manual,,"Responsibility guy American often fund. Thing model result explain human well position.
Stuff modern ready two somebody drive. Treat inside ground order per speak individual. Ball couple force game.",Jessica Jones,,,"['Opinion', 'Politics', 'Real Estate']","['Health', 'Environment', 'Travel', 'Automotive', 'Music']","5146 Luis Via Apt. 981
Kelleyberg, ME 09763",Antigua and Barbuda,monday,2024-05-10,23:46:19,2024-01-22,,2020-08-10 15:17:33.992037,2020-03-04 06:54:28.568752
New011,User-friendly transitional algorithm,NACB,https://www.bird-robles.com/,Stage spend rather though this positive often organization.,ground-ten-common,manual,63.0,"Probably summer face. Interesting thank sit while. Whether red event option while since.
There couple seem outside. Sort work particular both skill.",Kevin Hayes,,,['Art'],"['Finance', 'Politics', 'Real Estate']","9281 Torres Village Suite 143
Vanessafurt, VA 72182",Romania,tuesday,2024-03-12,06:26:48,2024-02-25,,2023-04-17 13:58:29.625763,2024-06-27 19:38:22.046146
New012,Organized analyzing function,gill.com,http://hamilton.biz/,Key want nation middle.,white-republican,auto,96.0,Particularly though though fire amount least like. Improve positive half plan behind test various answer.,Jennifer Walker,,,['Fashion'],['Finance'],"600 Jose Radial Apt. 055
West Johnton, MT 73350",Turkey,monday,2024-07-09,21:01:21,2024-02-25,01:46:07,2020-12-05 19:46:27.588851,2021-03-19 09:47:56.457160
New013,Public-key bottom-line infrastructure,NACB,https://bush-turner.info/,Senior deep only society animal order section.,hold-early-about,auto,81.0,"Wide recently receive the across face turn.
Smile region table break. Guy week lay computer PM coach.",Ms. Suzanne Barron,,,"['Art', 'Culture']",['Music'],"62591 Franklin Manor Suite 188
East Craig, OH 12105",India,thursday,2024-01-30,15:26:32,,05:15:22,2021-10-22 00:47:11.156811,2021-02-11 18:16:40.615725
New014,Re-contextualized multi-state archive,NACB,https://www.edwards.com/,Score travel themselves past side baby.,skin-government,auto,,"Become month consider benefit fight inside science. Skin bar to agent remember they kid board.
Method true particular green technology so major.",Hannah Pitts,,,['Science'],['Art'],"53751 Patrick Stravenue Suite 312
Johnmouth, VI 98848",Wallis and Futuna Islands,saturday,2024-02-12,04:04:46,,,2021-09-15 06:59:01.343682,2024-07-19 19:45:00.759837
New015,Switchable content-based project,NACB,https://carpenter-haas.info/,You opportunity read part.,senior-less,manual,22.0,"Their act physical suffer around politics. Thank decision might day.
Miss few national. National skin improve really. You future sell answer source partner.",Mr. James Thomas,,,['Art'],"['Education', 'Environment', 'Law', 'Automotive']","5175 Timothy Mall
Port Laurafort, MA 06818",Kuwait,saturday,2024-01-11,13:03:07,2024-05-22,,2023-07-17 23:46:48.235833,2023-02-11 11:20:07.347676
New016,Right-sized 4thgeneration toolset,NACB,http://shaw.com/,Follow against remain whatever their east campaign.,language-whole,auto,34.0,"Yard attention do daughter sister guess card. Produce challenge identify believe. Little have many style opportunity.
Red social fly control affect reflect society.",Katherine Moore,,,['Real Estate'],"['Lifestyle', 'Health', 'Opinion', 'Music', 'Travel']","2623 Nicholas Harbors Suite 129
Lozanoville, NJ 75632",Papua New Guinea,tuesday,2024-01-17,00:46:11,2024-03-15,,2022-11-23 19:11:23.496146,2021-05-05 17:35:06.371579
New017,Open-source analyzing core,NACB,https://www.barnett.com/,Pretty employee bar reveal sign.,first-official,manual,60.0,"Heart make something lot wear. Also now candidate century thought position west thing. Ask start take everybody prove.
Above night commercial fall might local. Professional bar without carry nice.",William Randall,,,"['Science', 'Law']","['Opinion', 'Startups', 'World', 'Lifestyle']","2265 Johnston Shoals Suite 573
New Mark, GU 30708",Canada,friday,2024-02-02,00:56:02,2024-07-12,,2021-09-03 18:03:29.311528,2020-03-25 19:27:17.952235
New018,Balanced analyzing monitoring,NACB,http://www.tate.biz/,Development friend others bed same president our.,low-believe,manual,65.0,"State agreement physical me too turn.
Idea score trade by. Dog network step. Spend able sport performance enough.",Grace Morrison,,,['Real Estate'],"['Technology', 'History', 'Opinion']","0555 Stone Gateway Apt. 628
East Derek, NM 99414",Seychelles,saturday,2024-05-20,08:17:07,2024-01-10,06:42:15,2023-06-24 10:12:34.502774,2022-06-06 12:37:14.247667
New019,Right-sized uniform array,morales.com,http://www.wolfe.com/,Knowledge project thing if environment leader.,billion-resource,auto,50.0,"One she seek heart simple million. Left shake party common hospital physical weight.
Of good catch item by win great industry. Performance itself represent chair three.",Jeremy Collins,,,['Real Estate'],"['Startups', 'Fashion']","5333 Paul Centers Apt. 519
Munozbury, NJ 69933",Colombia,thursday,2024-02-16,21:14:08,2024-02-23,,2020-04-28 15:02:41.511339,2023-10-03 19:50:33.465252
New020,Cloned user-facing project,werner-wood.biz,https://coleman-ray.net/,Give law model skin.,senior-idea,manual,,Sport bank society dog create six. Huge break above agency event. Individual party interesting.,Natalie Nicholson,,,['Art'],"['Entertainment', 'Food', 'Education', 'Science', 'Environment']","691 Short Streets
East Emilychester, MT 05830",South Georgia,thursday,2024-07-11,16:48:17,,22:33:21,2020-06-14 18:20:06.600609,2024-05-13 17:41:45.444116
New021,Quality-focused eco-centric info-mediaries,NACB,https://www.trujillo.com/,General participant difference size old.,mean-situation,manual,79.0,Site necessary west order year clear culture husband. Good only four under instead whose theory. Rule bag population goal blue question.,Katrina Williams,,,"['Health', 'Technology']","['Sports', 'Culture', 'Lifestyle', 'History']","156 Brian Divide Apt. 383
Maldonadoborough, CT 73221",Suriname,sunday,2024-06-06,10:59:56,2024-05-26,19:14:48,2023-06-01 03:08:20.398554,2021-09-08 06:33:02.961554
New022,Quality-focused empowering standardization,ryan.com,http://www.davies-nguyen.com/,Month now feeling mention husband response character.,town-brother-civil,auto,43.0,Up cost produce example tree discussion subject. Girl this player institution walk effect. Certain skill daughter day future morning task.,Tricia Thompson,,,"['Music', 'Business', 'History']",['Automotive'],"4668 Adams Route
Brandonchester, WI 44181",Sri Lanka,monday,2024-01-13,18:33:51,,23:33:03,2023-07-27 06:28:56.179190,2020-08-08 14:14:02.233655
New023,Virtual exuding Internet solution,NACB,https://www.morgan-harper.com/,Assume list population performance population open will.,wear-however-later,auto,,Or defense enter three. Very force nor professor save raise add within. Cup himself record man capital.,Kathy Henson,,,"['Real Estate', 'Fashion', 'Food']","['Finance', 'Gaming', 'Law', 'Real Estate']","896 Perez Walks Apt. 152
Port Jayside, MS 64080",Brazil,monday,2024-01-04,15:21:44,2024-02-05,02:55:48,2021-09-08 18:40:09.900356,2020-08-20 12:03:40.447910
New024,Future-proofed local workforce,NACB,http://harrison.com/,Indeed west fear.,marriage-carry,manual,,"Her right significant history beat maintain article. Nation executive seem happen. Who individual truth arm.
Senior establish since song remain. Pay time chair wish fund team simple.",Thomas Jones,,,['Automotive'],"['Education', 'Culture']","844 Jordan Falls
Millerview, IA 32942",Paraguay,saturday,2024-03-20,18:00:28,,12:19:02,2020-08-09 15:44:50.113789,2022-02-12 04:32:58.150393
New025,Cross-group scalable knowledge user,NACB,https://wilkerson.com/,Wear as member together open together.,result-heart-theory,auto,98.0,"Five thought finally support where despite interesting rock. Author arm seek away each.
Really land candidate order. Way American story white. Speak debate whether pattern future.",Jacqueline Williams,,,['Science'],"['World', 'Business', 'Law', 'Education', 'Automotive']","56437 Davis Glens Apt. 417
Griffinview, CT 81969",Oman,tuesday,2024-02-04,21:44:30,2024-02-06,17:43:50,2022-03-11 15:43:42.993942,2020-01-02 06:20:58.262536
New026,Proactive composite hierarchy,moore.com,http://shelton.org/,Organization always on guy.,civil-south-she,manual,,"Program top first red official trouble see. Experience reflect wife management will visit.
Weight everybody which quite air. Girl stand machine believe about word.",Tara Jones,,,"['Entertainment', 'Art', 'History']","['Travel', 'Sports', 'Opinion', 'World']","1475 Houston Creek
Lake Sandra, ID 99629",Turkey,tuesday,2024-03-11,09:50:22,,,2020-12-02 23:36:51.645866,2024-01-18 19:16:31.271191
New027,Quality-focused well-modulated ability,NACB,http://lowe.com/,Design land because each official maybe.,air-pattern-item,manual,16.0,Process finish what treatment add wonder someone daughter. Become prove window sea drop. Pull environmental cold minute firm. Bill everyone want development wind.,Michael Hale,,,['Politics'],"['Music', 'World', 'Real Estate', 'Sports']","PSC 0832, Box 6740
APO AE 87769",Mauritania,sunday,2024-01-01,18:27:17,2024-02-21,,2020-12-06 14:04:21.477166,2022-07-04 16:22:47.596902
New028,Proactive explicit intranet,garrett.com,http://www.evans.com/,The people fly edge.,save-treatment-box,auto,86.0,Attention nice bed billion low pay. Heavy herself return recognize quality ahead above. Idea still campaign challenge.,Shelley Fields,,,"['Environment', 'Fashion']","['Law', 'Science', 'Opinion']","USS Knight
FPO AP 27604",Montserrat,saturday,2024-02-29,04:33:51,,22:45:42,2020-04-14 20:09:15.497637,2024-04-10 11:35:43.711383
New029,Object-based modular artificial intelligence,NACB,https://www.aguirre-vincent.com/,Space bag example decision school front media.,believe-common,auto,,Their hand claim sport another executive. Parent argue move benefit. Price little section building doctor care sign.,Danielle Ortega,,,"['History', 'Lifestyle', 'Education']","['Real Estate', 'Opinion', 'Education', 'History']","11623 Amanda Meadows Suite 188
Gutierrezton, AS 05076",Nepal,thursday,2024-03-16,09:12:03,2024-06-08,,2022-04-10 10:59:54.946330,2021-03-11 20:46:53.832339
New030,Open-architected maximized methodology,lara.com,http://www.evans.net/,Allow name light treat.,authority-movie,auto,29.0,"Summer prepare set someone including continue must body. Price her choice way. How religious region chair develop computer.
Production son environmental vote. Reflect man expert process never.",Jordan Mccullough,,,['Fashion'],"['Art', 'Automotive', 'Gaming', 'Lifestyle']","61402 Brown Mountains Apt. 658
East Melissa, GU 79053",Latvia,thursday,2024-02-05,06:55:53,2024-07-09,07:37:23,2024-04-18 15:58:01.790616,2021-03-19 06:43:37.956471
New031,Monitored methodical conglomeration,NACB,http://www.galvan.com/,One hotel manage eight now.,stand-year-over-yet,manual,17.0,"Article surface at financial evening. Quality ever amount ability hotel. Movie she character decide.
Recent ok television hear type factor. Ten law wrong.
Rate throw whether sell onto short grow.",Kathleen Hamilton,,,['Automotive'],"['Fashion', 'Lifestyle', 'Gaming']","6367 Angela Village
Port Matthewview, MS 69258",Bulgaria,friday,2024-07-22,04:32:50,,,2021-05-21 02:02:06.531078,2021-12-28 16:59:41.010535
New032,Implemented static analyzer,davis.com,https://www.phillips.com/,Whatever film chance white choice fly practice.,daughter-property,manual,,"Upon card leg unit improve. Arm raise body century consider find.
Brother market increase. Per develop such leader old.",Brent Webb,,,"['Entertainment', 'Culture']","['Travel', 'Food', 'Real Estate', 'Gaming', 'Music']","USS Miranda
FPO AP 81618",Mayotte,thursday,2024-07-17,05:34:05,,13:31:56,2023-03-25 03:33:31.585641,2023-09-12 13:17:58.874759
New033,Extended value-added capacity,marshall.com,https://hogan.info/,Tough force travel pay check.,teach-opportunity,manual,90.0,"Put group party race give federal any. Behavior billion night success none probably.
It back hear specific. Vote television mission teach a size. Develop above develop rich through sometimes.",Ms. Christine Mcdowell MD,,,"['Education', 'Art', 'Science']","['Music', 'Education', 'Politics', 'Real Estate', 'Law']","USS Shepard
FPO AA 23095",Morocco,tuesday,2024-06-25,07:29:58,2024-06-21,,2021-08-12 02:56:24.046914,2023-08-19 05:44:47.802312
New034,Streamlined local extranet,martin.org,https://allison.com/,Off stay natural writer song Congress difficult.,lose-family,manual,32.0,"Write claim two interview. Church debate treat front operation scene.
Tax get loss tonight behind. Happy collection other provide rise. Trade group daughter billion role.",Lisa Reed,,,"['Sports', 'Technology', 'Art']",['Finance'],"PSC 6592, Box 0250
APO AE 21185",Saint Vincent and the Grenadines,wednesday,2024-07-18,06:11:10,2024-03-31,,2022-09-09 19:43:28.847337,2021-07-27 19:41:59.989090
New035,Face-to-face solution-oriented framework,heath.com,http://smith-mckinney.com/,Beat bill wife glass home.,since-card-miss,auto,,"Community culture determine fire able away property. Plan success north that education.
Computer social despite. List fish age two white thought.",Tanya Lee,,,"['History', 'Sports']","['Law', 'Travel', 'Gaming', 'Music']","USS Shaw
FPO AA 99151",South Korea,thursday,2024-07-19,10:37:59,2024-07-20,12:42:18,2020-05-04 04:58:22.639535,2021-07-24 17:28:22.389473
New036,Open-source composite initiative,NACB,https://jones-lucero.com/,Physical official drug property suggest.,south-age-water-sit,manual,,"Apply give available impact these far. Shake woman both cut property.
Speech when democratic door data and onto situation. New security reason across. Report surface sell culture treat top.",Brenda Rollins,,,"['Fashion', 'Food', 'Startups']","['Food', 'Culture', 'Environment', 'Lifestyle']","098 Nicole Junction Suite 414
Thomasside, OK 32081",Iran,saturday,2024-07-01,12:44:12,2024-03-02,02:37:01,2023-05-18 07:03:51.525080,2022-06-23 22:42:17.855691
New037,Focused global product,NACB,https://www.wilkins-pham.biz/,Talk minute painting action represent.,future-through-size,auto,87.0,"Show where choose he. Issue education their send month less. Information conference far identify capital subject.
Most alone produce focus. State glass necessary sport action bed quite lead.",Kim Dunlap,,,['Politics'],"['Law', 'Music', 'Technology', 'Education', 'Science']","16892 Cain Isle Apt. 536
Garrettfurt, NV 53468",Guinea,saturday,2024-05-04,18:12:09,2024-06-07,,2021-10-23 08:31:23.973363,2020-01-16 11:36:29.768662
New038,Cloned non-volatile flexibility,baker.info,https://wong.com/,Company full open find life decide cold.,college-by-son-mind,auto,90.0,"Name recognize manager a over local. Mr test its myself. Rise their break able west total not.
Attention trade take story. Human deal human. Enter she prevent reflect my.",Nicole Kelley,,,['Real Estate'],"['History', 'Politics']","0286 Greene Ferry
South Tiffanymouth, FM 93083",Nauru,saturday,2024-01-30,00:08:27,2024-07-01,18:16:05,2024-07-19 05:53:56.236284,2023-03-27 10:25:07.660133
New039,Open-architected hybrid service-desk,peterson.info,https://ball.info/,Hour water PM already.,then-expect,auto,19.0,"Man understand behavior outside. Sport shoulder film radio.
Fund behind behind house. Return throughout all however save window popular. Back now action seek air address smile.",Mario Reid,,,"['Politics', 'Business']","['Food', 'Lifestyle', 'Entertainment']","47397 David Expressway
Brooksborough, KS 20790",Mali,monday,2024-03-07,12:12:27,,,2022-08-03 04:46:53.839496,2020-02-25 17:41:52.885606
New040,Automated asynchronous throughput,wallace.net,https://www.hill-garcia.biz/,Trouble floor should present.,drive-head-new,auto,,Upon sea seat above. Trade ahead thing reduce instead. While of indicate success product ball run six. Full challenge might address any.,Jeremy Lawrence,,,"['Law', 'Sports']","['Science', 'Gaming', 'Startups', 'World', 'Technology']","3401 Eddie Terrace Suite 976
New Candice, WA 64861",Malta,sunday,2024-06-02,02:41:16,,,2022-01-25 02:08:01.333833,2020-12-02 00:55:02.833121
New041,Reactive fresh-thinking structure,johnson.org,https://baker.com/,Operation scientist forward.,exist-how-response,manual,,Why religious cup brother admit create. Of and everyone ahead. Discuss measure try positive human interesting personal.,James Sexton,,,"['World', 'Opinion']",['Health'],"930 Davis Views
Kimberlyshire, MD 29165",French Polynesia,saturday,2024-04-13,03:16:22,2024-01-11,07:20:37,2021-05-01 22:16:44.633710,2020-08-17 10:58:10.104722
New042,Progressive well-modulated forecast,thornton-johnson.biz,http://hamilton.com/,Surface truth on stuff.,better-whom-yet,auto,5.0,Away everyone four adult world. Daughter my population seat figure. Wall consumer concern final food room prevent why.,Kyle Bryan,,,"['Finance', 'Automotive']","['Health', 'Entertainment']","PSC 6196, Box 3164
APO AP 16017",Afghanistan,monday,2024-07-05,13:18:47,2024-02-27,01:39:39,2022-03-24 12:12:42.947437,2022-07-17 16:52:03.307379
New043,Networked interactive task-force,NACB,http://johnson.net/,Team citizen camera meeting mention issue.,free-media-start,auto,22.0,Would store test seek air statement agree. And after pressure idea another look why. Point east hold alone establish.,Sandy Price,,,"['Finance', 'Music']","['Gaming', 'Art', 'Startups']","9270 Brandon Mount Apt. 024
Tinaberg, SD 93293",Northern Mariana Islands,saturday,2024-07-01,21:50:14,2024-04-01,,2022-07-29 21:58:20.808638,2023-02-06 16:49:47.505678
New044,Streamlined exuding structure,NACB,http://www.rios-gonzalez.com/,Hour development natural rock past may.,enjoy-southern,manual,52.0,"Thing little policy boy receive.
Carry threat relationship true. Test method suffer hot may. Fill drive common every building international.
Pass else whose surface plant let art. Near reflect real.",Amanda Wheeler,,,['Entertainment'],"['Entertainment', 'Business']","17143 Bobby Via Apt. 335
Corteztown, MA 50110",Congo,tuesday,2024-03-29,11:57:17,,,2020-12-07 04:09:12.262747,2021-01-17 11:32:47.187923
New045,Switchable motivating ability,snyder.com,http://escobar.com/,Address rather area age television trade address this.,of-mr-goal-real,manual,,Return question community accept matter guy. Child box help deep race.,Evan Eaton,,,"['World', 'Real Estate']","['Startups', 'Food']","22794 Spencer Manor Apt. 986
Bernardbury, HI 48722",Central African Republic,wednesday,2024-02-10,22:25:38,2024-06-27,04:11:53,2023-02-20 08:58:25.819466,2024-02-01 19:33:36.426092
New046,Right-sized global support,NACB,http://thomas.net/,Watch rate both practice.,not-culture-compare,manual,,"Report why which plan begin. Contain operation attack evidence. Wall language subject town relationship. Under enjoy pick.
Authority however instead through.",Aaron Espinoza,,,['Science'],"['Sports', 'Education']","39389 Riley Square Apt. 389
Port Travis, PR 03198",Romania,saturday,2024-03-18,20:39:55,,,2021-12-14 04:32:30.731962,2022-05-16 14:04:50.710419
New047,Front-line eco-centric infrastructure,NACB,http://www.rich.org/,Relationship traditional second because near because.,explain-conference,auto,,"True central your position relate. Leave myself management once.
Site high certainly environment. Piece hear no well yet much. Then kind challenge professional. Sense win defense.",Robin Johnson,,,"['Finance', 'Law', 'Real Estate']","['Gaming', 'Finance']","473 Crawford Extensions
Mariahbury, CT 37191",Cyprus,tuesday,2024-05-13,17:10:03,2024-05-27,23:23:25,2020-01-10 03:12:18.799853,2023-02-05 01:23:28.198510
New048,Extended secondary parallelism,NACB,http://marsh-sanchez.com/,Benefit American hit coach one down into.,place-southern,manual,,"Them pay more left possible. Build why ability science. Animal house citizen field may eye.
History away authority course cost try still. Real break moment.",Grace Reynolds,,,['Fashion'],"['Gaming', 'Business', 'Fashion']","762 Burton Junctions Suite 382
Smithtown, MA 14233",Morocco,sunday,2024-04-28,20:00:28,2024-05-11,,2020-12-05 02:42:08.939536,2020-03-26 00:28:19.913193
New049,Assimilated well-modulated implementation,burns.com,https://freeman.info/,Information live it represent want each.,school-design,manual,,Soon kind sit office miss everything mouth. Crime leg her because language suddenly. When marriage from individual.,Steven Gardner,,,"['Entertainment', 'Health', 'Science']",['Entertainment'],"98647 Griffin River
Port Josephville, GU 82954",Tonga,monday,2024-07-22,00:18:42,2024-06-07,,2024-06-03 07:39:59.528496,2020-05-11 01:04:08.728868
New050,Synergized contextually-based ability,NACB,https://hoffman.com/,City trouble again prevent thought.,score-herself-bank,manual,54.0,Water this leg positive wife. Interest kid wide fill finish along. Part nature area Republican other.,Steven Watson,,,"['Sports', 'Real Estate', 'Entertainment']","['Real Estate', 'Automotive', 'World', 'Science', 'Culture']","333 Edwards River
Mathisshire, PW 36017",Canada,saturday,2024-01-13,03:51:41,,05:08:26,2020-06-27 12:22:41.548326,2023-06-17 21:30:07.121967
New051,Operative bifurcated capacity,NACB,https://www.keith-martinez.info/,Bad box box feeling.,former-pay-series,auto,,Rather book far work lot turn administration. Food book address cost beautiful.,Julia Richardson,,,['Entertainment'],"['Startups', 'Environment', 'Business', 'Gaming']","122 Margaret Crossroad
Yoderstad, OK 57125",Indonesia,tuesday,2024-07-05,22:09:20,,02:37:54,2020-05-11 03:25:19.944293,2020-03-12 13:14:17.141197
New052,Implemented multimedia model,NACB,https://www.barber.com/,Notice old or performance treatment choice.,fight-relate-bad,manual,,Situation writer body thank. Call form low bit.,Victor Farrell,,,"['Opinion', 'Lifestyle']","['Science', 'Lifestyle', 'Health', 'Music', 'Real Estate']","82913 Russell Orchard Suite 476
Goodwinchester, VT 55111",Aruba,saturday,2024-07-05,06:00:59,2024-06-28,17:13:04,2022-06-01 07:53:34.727387,2021-12-21 12:26:09.731830
New053,Synergistic next generation forecast,dalton.com,https://martinez.com/,Receive along interview act he.,budget-day-will,auto,,"Cover television become boy probably. After couple usually.
Major pressure shake step next stay debate. Alone least everybody manager history themselves. Network edge fish.",Crystal Huerta,,,"['Opinion', 'Fashion']","['Technology', 'Politics', 'Sports', 'Science']","827 Phillips Path Apt. 069
Lake Linda, WV 76649",Spain,tuesday,2024-02-13,08:53:42,2024-06-06,15:22:39,2022-08-02 21:25:45.033620,2021-06-18 01:03:30.996015
New054,Cloned optimizing infrastructure,NACB,http://www.dunn.net/,Budget describe phone budget education modern machine common.,short-need,manual,92.0,"Beautiful each fear court. Area turn or his security painting do end. Lose including painting authority.
Major others good then down need which yet. Task city pressure American.",Corey Richardson,,,"['Music', 'History', 'Travel']","['Education', 'Fashion', 'Automotive', 'Science']","24792 Lynch Path Apt. 353
Kariville, WA 40637",New Caledonia,saturday,2024-01-23,18:23:55,2024-05-18,06:19:58,2023-01-23 00:20:41.891063,2020-09-11 22:31:17.132133
New055,Innovative neutral matrix,schneider-swanson.com,http://www.friedman.net/,Level former after talk it.,realize-once,auto,,Color hour conference happy. Commercial threat pick popular. Someone still specific family foreign.,Nicholas Young,,,"['Real Estate', 'Finance']",['Business'],"99213 Lopez Circles
Matthewburgh, AS 24290",Mauritania,sunday,2024-05-21,01:39:40,,,2023-05-03 19:42:55.333482,2023-02-06 12:03:53.173931
New056,Face-to-face uniform definition,NACB,http://reid.com/,Home room along week nature three newspaper.,work-up-small-back,auto,,"Already north think. Spring cold other effect as. Deep finally right federal.
Bring piece allow Republican let. Inside city old establish little form.",Lisa Thompson,,,"['Law', 'World']","['Sports', 'Startups', 'Science', 'Culture']","7311 Byrd Cape
North Jacobhaven, DE 84454",Djibouti,wednesday,2024-06-29,01:01:36,2024-06-11,,2021-02-20 10:43:19.892763,2023-11-01 23:24:46.464036
New057,Inverse bandwidth-monitored website,martinez.org,http://massey.org/,Fall town world become house glass lawyer field.,goal-music-week,auto,,Article staff time father small. Sort address author school despite chance. Year away goal PM now mission eight.,Samantha Chase,,,['Technology'],"['Business', 'Law']","499 Caroline Mission Suite 725
East Michele, DE 50771",Uzbekistan,thursday,2024-02-01,14:47:37,2024-07-04,03:00:45,2022-11-01 19:38:39.949798,2023-01-15 20:09:57.068103
New058,Fundamental modular utilization,freeman.net,http://www.reynolds-walker.biz/,Join first car happy.,model-opportunity,auto,,"Member develop itself land last seem whose expert.
Soon carry onto. Determine your simple.
Feel style third nothing. Pm appear benefit high crime never near.",David Jenkins,,,"['Music', 'Health', 'Automotive']","['History', 'World', 'Science', 'Health']","15732 Espinoza Orchard
East Caleb, SC 04100",Tanzania,thursday,2024-01-11,14:28:18,2024-06-22,18:20:07,2022-06-14 19:52:49.107529,2021-09-20 22:40:23.467024
New059,Triple-buffered bifurcated implementation,smith-turner.info,https://www.medina.org/,Believe reflect some.,to-change-green,auto,44.0,"Season material collection adult thing guess dark open.
Take store property. Animal threat to agent method reality red. Office note suddenly Republican clear.",Frederick Guzman,,,['Culture'],"['Opinion', 'Fashion']","212 Hart Overpass
Port Cody, VT 70699",Sierra Leone,saturday,2024-05-27,16:33:23,,,2024-05-18 06:22:35.632143,2021-11-25 00:28:08.456969
New060,Re-contextualized value-added knowledge user,NACB,https://www.kim-evans.com/,Fast magazine when office nature each end bar.,green-live-method,auto,88.0,"Seem artist debate build without want. Manage number reflect tax. Usually recognize show call available.
Cultural wonder imagine.
Compare bed seem party fight discussion.",Mitchell Rogers,,,"['Law', 'World']","['Real Estate', 'Music', 'Business', 'Art']","2961 Jeffery Isle Suite 327
Morganton, PA 01064",India,wednesday,2024-06-28,10:24:33,2024-02-22,19:23:13,2020-10-16 23:01:51.142936,2020-08-21 20:19:26.740159
New061,Implemented asymmetric data-warehouse,poole.biz,http://tucker.com/,Worker value prevent laugh property appear four.,age-prove-laugh,manual,,"Effort good choose ahead. History health policy bag director later. Effect draw each east far television.
Body follow final of. Quickly need effort wide account at bring.",Jackie Fitzpatrick,,,"['Environment', 'Fashion']","['Gaming', 'Business', 'Law']","42289 Rachel Lakes Apt. 122
Jasmineport, MP 10776",North Korea,saturday,2024-06-20,07:55:07,2024-05-14,11:36:10,2024-07-14 00:10:30.805649,2023-03-02 05:33:56.794050
New062,Cross-group fresh-thinking task-force,NACB,https://harrison.info/,Forget idea prove effect.,heart-leader-decade,auto,90.0,"View about another newspaper program. Talk statement friend least those.
Pass top Mrs. Specific style strategy dog.",William Moses,,,"['Environment', 'Law', 'History']","['Business', 'Fashion', 'Finance', 'World']","04185 Mora Road Suite 351
Hubbardland, AS 08870",Latvia,saturday,2024-05-29,16:55:56,2024-07-08,,2021-09-12 16:11:57.024877,2021-09-12 09:53:37.340910
New063,Switchable reciprocal budgetary management,NACB,https://cabrera.org/,Them care run.,strategy-serious,auto,14.0,"Spring add any gas year staff.
Its author budget follow stuff myself leave eye. Guess claim happy service. Off trial theory artist technology hold art.",Dr. Curtis Wu,,,['Business'],"['Culture', 'Real Estate', 'Business']","26776 Christina Wells Suite 548
Port Andrew, NC 77804",San Marino,friday,2024-03-28,09:28:25,,,2024-04-11 22:08:21.089904,2022-08-29 20:05:50.705882
New064,Public-key 6thgeneration analyzer,scott.com,http://garcia-hall.com/,Speak section art music nice west site.,hour-wear-wall,auto,29.0,"Position property some us. Down lawyer detail baby happy.
Maybe base east test whether save worry. Woman power blood door.",Brian Fowler,,,"['Gaming', 'Health', 'Environment']",['Politics'],"6033 Harrison Locks
Hollandberg, WA 52062",Saint Kitts and Nevis,tuesday,2024-06-21,11:15:31,,,2020-09-27 01:28:08.164957,2023-04-20 09:40:36.908349
New065,Reverse-engineered impactful forecast,roach.net,https://mckee.org/,Camera food scene whom.,prevent-president,manual,,"Operation yeah whom cup soldier finally. Final end space create close sea.
Citizen spring feel eye. Generation recently machine there the together. Week song draw amount lose everything relate.",Patricia Phillips,,,"['Health', 'Gaming', 'Politics']","['Startups', 'Gaming', 'Entertainment']","6157 Eric Gateway
Spencerborough, NM 51297",Hong Kong S.A.R.,saturday,2024-07-23,13:24:18,2024-02-07,,2023-12-29 15:53:30.527050,2023-07-12 08:37:50.520090
New066,Universal foreground projection,NACB,http://www.warren-hardin.net/,Will reach help key.,blue-data-story,auto,69.0,"Thing personal beautiful account factor spring coach leader. Itself be financial rest across officer.
Break though sing exist you get section experience.",Janet Sandoval,,,"['Health', 'Music', 'Finance']","['Music', 'World', 'Environment', 'Fashion']","88353 Johnson Streets Suite 643
Bradfordmouth, HI 52483",Sudan,sunday,2024-07-12,14:09:47,2024-01-12,,2023-07-27 01:10:16.023019,2024-07-23 00:03:40.749120
New067,Profit-focused bifurcated frame,NACB,https://stevens-bowman.com/,Threat half quite remember attention growth.,final-approach,manual,,"Crime per subject. Strong culture data smile she carry six.
Cover memory information war state finally south. Thank parent time.",Jennifer Schroeder,,,['Food'],"['Music', 'Technology', 'Health', 'Law', 'Science']","119 Francisco Ranch
Kelleyshire, CA 66292",Bangladesh,friday,2024-05-06,01:24:28,2024-03-30,,2022-06-03 11:27:47.654060,2023-11-06 02:24:25.546730
New068,Extended holistic function,king.org,http://www.matthews-parrish.info/,Street those prepare city.,mean-determine,manual,18.0,About car red whether knowledge turn. Audience alone skin. Skin capital take seek administration discussion often.,Theresa Zuniga,,,['Environment'],['Sports'],"60052 Walker Locks Suite 892
Adammouth, NE 27025",Albania,monday,2024-06-29,16:04:15,2024-05-25,,2020-01-29 07:12:53.826338,2022-11-25 13:05:36.372483
New069,Reactive asynchronous budgetary management,garcia.biz,http://fuller.com/,Finally worker let degree TV natural reflect compare.,back-hair-fear,manual,,"As one common action. Themselves none increase since.
Including best discussion whose travel join find. Fast reason only early modern quality nature. Have natural serve position.",Elizabeth Cherry,,,"['Environment', 'Technology', 'Finance']","['Sports', 'Automotive', 'Music']","19084 Curtis Rest
North Michaelport, NC 48290",Mauritius,friday,2024-07-19,20:22:23,,,2023-12-20 00:44:30.792749,2022-11-24 08:09:34.876158
New070,Cross-group systemic help-desk,aguilar.com,https://www.davis.com/,Fact stock image those rate movie per.,quite-cause-develop,auto,,"Play power benefit whose. Teach fact step.
Explain large great thank explain. Center hope drop team other church as.",Eric Simmons,,,['Food'],"['Business', 'Finance', 'Law']","Unit 6697 Box 3114
DPO AA 71101",Trinidad and Tobago,saturday,2024-05-24,03:06:30,2024-01-18,,2021-05-23 15:53:31.735373,2021-02-25 12:23:59.212923
New071,Synchronized contextually-based Internet solution,taylor.biz,https://martin.com/,Relationship almost national use listen suggest travel citizen.,letter-number-see,auto,5.0,"Environment example land now. Happy point risk own method because.
Card control material yourself. Base member worker kitchen skin. Position apply anyone boy true.",Mary Lara,,,['Art'],"['Health', 'Travel', 'Real Estate', 'Opinion', 'Finance']","7706 Alexander Mission
Pattersonmouth, SD 37157",Dominican Republic,wednesday,2024-06-15,14:53:19,2024-07-02,03:33:34,2022-04-02 19:12:47.140086,2020-04-02 21:10:57.506130
New072,Automated radical collaboration,scott-harris.com,https://peterson.info/,Head add return I bank owner.,government-work,auto,84.0,Address large reality itself. Report nearly land green personal own.,Jennifer Franco,,,"['Gaming', 'Opinion', 'Music']",['Environment'],"338 Stevens Shores
Bennetttown, VA 09055",Paraguay,sunday,2024-04-01,06:12:53,2024-06-29,04:39:11,2022-02-26 19:53:45.808643,2023-11-18 17:03:42.292718
New073,Multi-channeled next generation task-force,johnson.com,http://www.fowler.org/,Value cup themselves occur country job.,boy-itself-give,manual,76.0,"Which war be somebody.
Mother suddenly there age. Tell discover its across heart us. Painting bad wrong yes executive though resource.",Brent Scott,,,"['World', 'Entertainment']","['Health', 'Lifestyle', 'Fashion']","2408 Erin Junctions Suite 206
Christopherside, NV 88586",China,wednesday,2024-04-17,09:44:13,,12:02:37,2022-05-13 21:33:25.963995,2020-09-15 15:36:15.647225
New074,Adaptive next generation moderator,NACB,https://perkins.com/,Hot expect within rather station.,experience-cut,auto,,Step can spend always simply become. Manage model drive throw interesting. Evening just drug table commercial reveal here sign.,Michael Osborn,,,"['History', 'Startups', 'Art']","['Education', 'Business', 'Technology']","04441 Elizabeth Points
Smithmouth, HI 58531",Moldova,saturday,2024-04-09,10:42:46,,,2021-07-05 16:56:37.728238,2020-05-22 03:55:23.141193
New075,Synchronized systemic moratorium,NACB,http://gonzalez.com/,Attorney number single pull finish indeed official.,voice-result-do,manual,,Dinner life natural will whole increase itself air. Through perform he parent drive education.,Jessica Morris,,,['Art'],"['Gaming', 'Business', 'Real Estate', 'Sports']","91455 Shawn Manor
West Benjamin, NM 30371",Ecuador,wednesday,2024-04-18,01:13:24,2024-02-01,20:34:03,2021-09-23 03:22:02.253049,2024-02-24 14:48:26.392719
New076,Realigned 4thgeneration matrix,thomas-johnson.com,https://simpson.com/,Task live certainly way decision indicate.,institution-show,manual,95.0,"Energy participant maintain from among forward own. Create me part.
Window recognize American fight old. Special town blood gas hotel source question cup. Activity Mrs hope kitchen night.",Jay Evans,,,"['Travel', 'Business', 'Education']","['Startups', 'Law', 'Music']","037 Steven Alley Suite 443
South Yolandaland, RI 81333",Guinea,thursday,2024-05-25,16:54:22,2024-01-11,09:02:50,2022-07-24 14:40:59.134404,2022-12-28 01:17:32.927368
New077,Open-architected heuristic functionalities,jenkins.biz,http://www.rodriguez.net/,Back nothing general play.,member-prevent,manual,98.0,"Approach pay make body.
White less population guy perhaps financial treatment. Seven music might. Performance clearly yourself scene report.",Mary Perez,,,"['Sports', 'Law', 'Technology']","['Politics', 'Fashion', 'World']","1827 Perry Throughway
Port Michele, VT 20363",Saint-Martin (French part),saturday,2024-03-13,16:44:39,2024-02-03,03:17:57,2020-08-04 22:11:02.715093,2022-08-30 18:42:05.671124
New078,Multi-lateral explicit extranet,williams.com,https://bartlett.com/,Officer international many early notice clearly.,top-get-appear,manual,52.0,"Program cold remain start. Relate a world police weight follow.
Record laugh soon effort on. Lot pay do role myself performance participant break. Soldier miss part.",Valerie Curtis,,,"['Environment', 'Real Estate']","['Startups', 'Fashion', 'Environment', 'Law', 'Health']","17161 Jeff Centers
Bauerstad, MD 39785",Slovakia,tuesday,2024-06-10,20:03:24,2024-07-05,,2020-08-11 01:53:08.845754,2021-03-05 19:13:06.419528
New079,Multi-channeled responsive website,NACB,https://www.espinoza.org/,Behind he audience traditional as.,republican-dog-how,manual,86.0,Smile Congress and difference. Policy drop purpose traditional prove manage low. Dog political bit bag with his.,Edgar Thomas,,,['Politics'],"['Gaming', 'Finance', 'Fashion', 'Art']","Unit 1441 Box 4993
DPO AE 48221",Gabon,tuesday,2024-04-12,02:41:54,,10:45:43,2024-06-17 19:42:46.197695,2020-10-26 00:33:25.097718
New080,Polarized neutral hub,avery.com,https://www.espinoza.com/,Bring nice everybody rock one late economic kind.,its-establish,auto,83.0,"Five anything of member get. Ten type laugh sometimes side someone summer.
Though good allow tree direction big. Performance point model result ok.",Kevin Mcdonald,,,['World'],"['Science', 'Business', 'Technology', 'Lifestyle']","84053 Campbell Centers Suite 506
Port Jennyberg, VI 89262",Gibraltar,sunday,2024-02-23,06:50:17,2024-02-08,,2020-03-28 14:30:21.325816,2024-03-02 11:54:32.589134
New081,Reverse-engineered impactful approach,NACB,https://www.padilla-wallace.com/,Arrive ground yourself note subject throughout one.,reveal-type-best,manual,40.0,"Age arrive and business reach but. Likely increase product former. Walk myself economy despite rather toward.
Reveal area pull everybody remember. Remember however laugh stock method.",Angela Salas,,,['Opinion'],"['Entertainment', 'World', 'Science', 'Real Estate']","594 Brown Brook
North Courtneyville, OR 83234",Martinique,tuesday,2024-03-16,12:32:04,,,2020-03-18 13:28:14.724750,2020-05-30 06:49:59.102802
New082,Synergized uniform knowledge user,NACB,https://vang.net/,Drug lay develop.,kid-range-yourself,auto,60.0,"Drop success loss in. As middle generation charge for minute. Conference college item station.
Republican deal base plan send boy practice. Because wear draw capital.",Rebecca Spencer,,,['Gaming'],"['Lifestyle', 'Finance', 'Real Estate', 'Travel', 'Opinion']","45618 Michael Shoal Apt. 347
Jeffreyfort, NE 57376",Botswana,saturday,2024-05-01,21:19:35,2024-03-04,,2024-07-04 23:43:20.353347,2023-08-07 07:52:02.008142
New083,Persistent 4thgeneration neural-net,harper-wright.com,https://ramos-barron.com/,From news ground hand contain newspaper.,particular-history,auto,,Commercial eight course event question quite color should. Resource if stuff thus better. Three exist people section account special.,Brian Smith,,,"['Education', 'Health']","['History', 'World', 'Opinion', 'Science', 'Gaming']","749 Watson Forest Apt. 518
Lindseytown, MP 81542",Guatemala,tuesday,2024-06-19,04:07:51,2024-01-16,19:01:32,2023-05-18 02:44:31.894525,2020-12-02 10:03:52.843555
New084,Vision-oriented transitional help-desk,NACB,http://www.watson-mcgee.org/,Popular century someone black beat thousand paper reflect.,weight-remember,manual,,Take choice finally we discover. Drug feeling truth technology little.,Virginia Johnston,,,"['Fashion', 'Law', 'Art']","['Real Estate', 'Education', 'Sports']","90921 Noble Canyon Suite 988
North Lacey, WV 14942",Turkey,thursday,2024-06-02,06:56:11,2024-02-11,02:54:49,2021-12-26 16:36:22.869488,2021-08-08 16:38:00.737947
New085,Intuitive composite throughput,NACB,https://www.martin-jones.com/,Letter radio drug member part executive.,tough-evening-trade,manual,,"Easy hope stock. Official fill could. Wind sell public somebody build now father.
Attorney in knowledge involve. Back contain financial usually any thank.",Lisa Johnston,,,"['Opinion', 'Entertainment', 'Automotive']","['Food', 'Real Estate', 'World']","23045 Nash Hills
South Crystalstad, MI 18340",Panama,sunday,2024-03-06,02:47:55,2024-01-22,,2021-10-03 02:03:43.824588,2021-11-28 04:21:49.286396
New086,Sharable even-keeled success,NACB,http://kelley.biz/,Child material plan next couple performance.,year-option-hundred,manual,49.0,"Picture cold class young expert economy usually. Page great gun course hotel.
College their training discover back thank medical.",Debbie Schwartz,,,['Real Estate'],"['Real Estate', 'Opinion']","0013 Robin Motorway Apt. 995
Patrickmouth, VA 47419",Aruba,saturday,2024-01-17,15:41:26,2024-01-03,05:58:41,2020-03-18 21:23:12.673333,2023-01-03 04:04:17.479246
New087,Down-sized bi-directional Graphic Interface,vasquez.biz,http://brewer.net/,Cup join thousand before office against.,everyone-floor,auto,13.0,Thank Congress room certainly appear direction fear. Fast movie art person perhaps draw story. Partner bill dark never.,Ashley Sanchez,,,"['Lifestyle', 'Food', 'Music']",['Politics'],"51969 Maria Vista Apt. 201
Cummingsside, MP 14311",Japan,friday,2024-07-04,02:57:37,,09:56:14,2021-09-02 12:24:22.057071,2022-05-19 19:09:42.247174
New088,Switchable static alliance,smith.org,http://www.becker.info/,Apply wonder force value theory.,both-throw-pass,auto,84.0,"Star respond special minute find.
Authority test personal television bill discuss. Why participant same hard such either. At race you out shoulder.",Tammy Lopez,,,['Environment'],"['Art', 'Education', 'Science', 'Startups', 'Entertainment']","241 Edwards Isle
Carriefurt, PW 52772",Virgin Islands (British),sunday,2024-02-12,10:57:37,,06:44:00,2020-04-27 11:57:44.697824,2020-12-08 09:45:44.108352
New089,Upgradable disintermediate hub,NACB,https://brown-jackson.biz/,Prepare part act I.,tell-republican,auto,,"Surface shake teacher hit. Ready minute only.
Phone hope change. Arrive score what serious fight.
Practice executive fish deep pretty fund. Dinner hard rather as week owner.",Gregory Harris,,,['Music'],"['History', 'Lifestyle', 'Music']","7882 Martinez Road Apt. 894
Port John, CO 86369",Ecuador,tuesday,2024-02-17,23:28:52,,21:30:24,2022-09-27 23:24:30.641426,2023-04-09 22:02:24.781407
New090,Multi-tiered heuristic emulation,roy.net,https://cunningham.org/,Sometimes attack either stuff.,like-occur-woman,manual,23.0,Nor message ten my. Miss really player understand before defense. Page down feeling whom issue growth.,Leonard Lopez,,,"['Health', 'Politics']","['Travel', 'Entertainment']","070 Singh Roads
South Steven, ND 97599",Iceland,monday,2024-05-01,10:43:07,,01:08:39,2023-01-30 00:31:38.673827,2024-01-05 10:05:35.248156
New091,Cross-group client-driven forecast,phillips.com,https://burke.biz/,Work memory lot later food.,doctor-forget,manual,81.0,"Interesting someone all around option peace. Development ability political drive.
Want exist population value. Unit Mrs none treat let. Difficult dog size activity energy economic.",Amber Clayton,,,"['Technology', 'Music']","['Music', 'Art', 'Lifestyle']","814 Sean Spur Apt. 037
Moralesfort, CT 45669",Gabon,wednesday,2024-05-03,19:26:39,2024-02-08,08:45:16,2023-03-07 01:58:41.958817,2020-10-02 06:01:11.314546
New092,Re-contextualized mission-critical strategy,NACB,http://berger-dixon.biz/,Reduce support significant particular energy.,who-opportunity,manual,,Military final anything fast window meet set lose. Away occur keep. Rise pretty such notice go condition field.,Holly Harvey,,,"['Gaming', 'Travel']","['Science', 'Real Estate', 'Education', 'Law', 'Culture']","009 Sarah Lock Suite 711
Adamshire, AK 09876",Russia,sunday,2024-03-27,16:36:30,2024-01-14,01:00:33,2021-12-25 02:38:02.052068,2021-04-12 04:09:18.024152
New093,Devolved client-driven middleware,NACB,https://www.martinez.com/,Data subject second model officer space.,few-end-huge-animal,manual,76.0,North success media coach imagine inside. Time have of condition. Large increase board.,Vincent Fisher,,,"['Gaming', 'Fashion']",['Technology'],"4353 Lee Square
Leslietown, PR 82155",New Zealand,wednesday,2024-07-20,09:10:55,2024-06-27,09:31:36,2024-04-21 04:53:35.512248,2021-02-10 14:11:59.805427
New094,Configurable zero-defect forecast,NACB,http://www.cowan-hopkins.com/,Generation stop rich.,box-despite,manual,15.0,"Weight scientist each according other. Section hair strong ten reveal myself college.
Bed really rate upon civil management. Image effect likely letter thing your theory.",Christine Clark,,,"['Entertainment', 'History', 'Real Estate']","['Technology', 'Art', 'Sports']","9991 Garcia Garden
Alexandermouth, WI 92130",Luxembourg,friday,2024-05-13,23:29:46,,06:59:35,2023-07-21 02:14:37.825856,2020-11-10 04:36:34.604070
New095,Fully-configurable bandwidth-monitored standardization,NACB,https://www.harris-smith.info/,Over in tree eye.,picture-itself,auto,,"Above chair certainly accept land. Happy skill hot gun.
Charge church film first question pattern draw. Learn reduce second certainly short. Get similar matter study of feeling.",Alyssa Blake,,,"['Food', 'Travel']","['World', 'Education']","55880 Stewart Parks Apt. 039
Port Terri, AK 60423",Aruba,thursday,2024-06-19,22:11:50,,,2024-03-28 14:06:44.779673,2023-06-09 04:19:13.246205
New096,Function-based dynamic help-desk,NACB,http://rodriguez-thompson.com/,Consumer same cup general ago miss kid word.,significant-agent,manual,,Game write maintain billion. Increase up especially away something always event. South tend want policy. Mission put test try decide cell.,Jeffrey Hanson,,,"['Environment', 'Finance', 'Education']","['Politics', 'Health', 'Fashion', 'Environment', 'Real Estate']","345 Davila Junctions
North William, AL 78564",Micronesia,monday,2024-04-24,17:09:12,,18:43:04,2023-09-20 18:16:08.061194,2020-08-25 05:49:25.591142
New097,Distributed solution-oriented standardization,valdez.biz,http://www.nelson-myers.net/,Spring beautiful inside recognize.,debate-artist,auto,47.0,Position ok trip education push. Add industry figure question south picture institution. Simple body office risk program market south. Apply building kind look.,Brandy Zamora,,,['Art'],"['Real Estate', 'Environment']","5618 Sarah Path
North Tylerhaven, MS 33276",El Salvador,sunday,2024-02-16,18:53:20,2024-03-24,,2021-04-16 03:27:45.339229,2020-04-27 14:54:56.315367
New098,Managed cohesive secured line,NACB,https://www.nelson.info/,Government it attention try system north house.,watch-only-teach,manual,69.0,"Last morning your we. Apply onto medical study teach its. Condition present member.
Relate specific concern a read reflect. Civil follow station.",Linda Olson,,,"['Lifestyle', 'Automotive', 'Gaming']",['Finance'],"373 Fischer Hill
Port Brianmouth, GA 19471",Mozambique,saturday,2024-03-05,03:50:27,,,2024-05-08 14:35:30.589057,2023-04-29 15:17:36.391060
New099,Open-source needs-based process improvement,hartman-moreno.com,http://armstrong.com/,Whom research describe sister yeah.,order-beyond,auto,67.0,"Move manage watch. Education serious against prove break data. Four ball available for.
Baby behavior model tough see. Stop including explain table into eight.",Christopher Clark,,,['Lifestyle'],"['Health', 'Automotive', 'Environment', 'Business', 'Sports']","702 Jamie Village Apt. 323
New Kimberly, WY 87769",Peru,thursday,2024-02-16,22:45:09,2024-06-07,00:35:15,2021-05-16 17:49:40.843408,2021-07-01 21:57:17.490736
New100,User-friendly holistic adapter,wallace.com,https://bartlett-cook.net/,Study choice produce know more loss.,way-answer-daughter,auto,,"Often court participant open know up matter wrong. Interview person network campaign region least. Follow expect similar majority.
Establish case war watch somebody.",William Wilson,,,"['Business', 'Real Estate', 'History']","['Health', 'World', 'Travel', 'Food', 'Environment']","828 James Ferry Suite 837
Melanieton, TN 13518",Liechtenstein,thursday,2024-05-22,06:11:34,2024-07-21,03:47:39,2020-08-24 09:05:20.503021,2021-07-01 07:40:24.961219
