id,username,slug,image,profile_url,num_of_followers,num_of_following,bio,num_of_posted_tweets,created_at
U1,leehannah,your-see-could,https://picsum.photos/444/732,https://oconnor-smith.com/,726304,3136,"Sport control growth after.
Dog country cell leave kind travel political north. Over run experience student available parent final. Sea learn two.",3094,2021-02-18 04:16:07.051562
U2,sandersmax,move-my-history,https://placekitten.com/704/467,http://pena.com/,19191,230,"Top also guy capital keep. Treatment stock third cut type charge in. Billion training professional health trip sometimes.
Same imagine certain door. Million here accept now allow imagine these.",1317,2020-06-27 10:14:10.111657
U3,moralesmatthew,personal-same-stand,https://picsum.photos/834/947,https://lewis.com/,847685,3967,Often beautiful per step. Challenge woman by various develop.,188,2023-05-20 06:23:00.324074
U4,valeriesmith,power-at-friend,https://placekitten.com/110/142,https://mclean-sims.com/,985391,1282,Worry fire enjoy what matter involve consumer. To local if something. Feeling stage main west employee expert great need.,2994,2023-03-31 06:11:33.486922
U5,murillokayla,character-at,https://placekitten.com/586/857,http://oneal.biz/,638911,3170,"Child order their sit building. Movement always military once when practice bar. Board beyond school receive.
Trip involve send probably other gun under charge. Like cup car hit simply watch section.",6438,2022-06-28 20:47:52.780452
U6,xjames,model-feel-wide-two,https://placekitten.com/683/161,https://frank.com/,204860,4459,Another economic mind wish effect sell discover. Case short amount food.,9474,2022-04-19 16:50:52.949013
U7,melody50,our-environmental,https://dummyimage.com/54x283,http://miller.com/,177996,575,"Simple source base site today. Girl option money really ok. How growth assume follow everything.
Next summer look choice talk officer red door. Industry room Congress beautiful letter too job.",1908,2022-07-29 20:15:25.111748
U8,obartlett,poor-energy-allow,https://dummyimage.com/991x911,https://www.dennis.com/,323175,4438,Name my organization join organization push. Center government quality religious you bad.,3362,2021-10-02 18:37:05.719647
U9,whurley,those-gas-nice-too,https://dummyimage.com/469x89,https://johnston.com/,966702,3810,Police security hold play continue spring trip. South form beyond for itself hospital.,8530,2023-08-23 15:59:41.004956
U10,jacksonlisa,significant,https://placekitten.com/667/102,https://lopez-williams.com/,627391,1977,War bad wife close. Reveal few south unit.,5951,2023-01-21 23:15:58.903316
U11,mmurray,shoulder-partner,https://placekitten.com/978/475,http://gardner.com/,858248,3105,Outside personal anyone themselves arrive themselves happy. Question interest religious either remember. Why blood certainly chance story foreign keep.,8917,2020-10-12 19:11:12.114139
U12,emily56,record-walk-second,https://dummyimage.com/557x545,http://www.medina.com/,941652,4226,"Food plant reveal film audience town half. Fill bad picture benefit concern work. Skin treatment must.
Chair today store. Scene specific series rise hundred direction upon.",5635,2019-10-07 04:49:45.885498
U13,jonathanhancock,nothing-woman,https://dummyimage.com/821x932,https://henry.biz/,530910,4895,Brother big attention. Pull ahead institution population one development sell firm. Heavy fly author wife budget cup.,9635,2021-04-01 15:19:47.973739
U14,benjaminhenderson,bit-manage-while,https://picsum.photos/288/34,http://thomas-hill.net/,732837,4049,"Affect never job field know unit. Condition back site kid full.
Class wish parent start same perhaps sell same.
Interesting local tax write cell.",2233,2020-08-06 23:12:37.174109
U15,kristinhughes,use-give-material,https://picsum.photos/658/870,https://espinoza.com/,426489,3747,"Computer least stage treat sister.
This lay night. Laugh chair effort small. Film base action player north individual a.",8674,2021-07-16 05:03:26.069321
U16,jeffrey30,plan-who-girl,https://dummyimage.com/501x597,http://sherman.com/,544007,4723,"Class box election power piece very. Chair market physical.
Our require with.",8754,2024-05-23 20:37:38.478570
U17,smann,success-he-reveal,https://placekitten.com/895/1021,https://welch.com/,717691,715,"At business such again firm seven. Music value it bit.
Remain animal easy cold head age rise. Half type include but. Pattern Democrat human stage staff.",1545,2022-10-13 21:10:03.147105
U18,hbrown,machine-believe,https://placekitten.com/987/102,https://collins-carlson.com/,711020,335,Attorney foreign beyond man yard to there. Article letter market day dream bring project. Argue industry model method game.,1518,2023-07-12 17:16:30.396645
U19,lgarcia,human-call-paper,https://picsum.photos/829/892,http://rogers.info/,380091,1442,"Check hit name then. Management election that law try light raise.
Individual brother thought administration. American serve teacher hotel recognize catch. Economic third whose call whether all edge.",6252,2020-11-11 03:03:50.198303
U20,holmesshawn,impact-yet-hair-ten,https://picsum.photos/61/311,http://www.davis.org/,14583,1698,"Arm room wear card. Close gun huge fire present. Read former future rest.
Write old window institution brother. Social source everything project note majority. Hand size could word as.",9754,2022-02-05 16:35:27.413307
U21,emilywhite,author-add-only,https://dummyimage.com/98x250,https://www.rodriguez.com/,767813,4778,"Team wide country culture citizen figure point again. Major huge trial nor teacher.
Argue ball benefit scientist investment claim. Nothing candidate money happy create rich away.",4782,2024-04-04 21:55:36.447411
U22,howard73,sense-conference,https://placekitten.com/156/679,https://malone-wilkins.com/,417890,3375,Idea black event. List rest close through one. Who institution different statement. Newspaper until small as standard town.,6123,2023-08-27 17:37:24.586040
U23,kwatson,stock-raise-scene,https://picsum.photos/689/800,https://www.kelley.com/,8013,2948,"Democrat voice them book site book give court. Hair also race four grow perhaps whom. Worry arrive environment season.
Notice officer decide guess. Voice floor hand always above since off.",3736,2020-04-30 01:35:08.223034
U24,todd70,agreement-camera,https://placekitten.com/610/586,https://peck-hatfield.com/,677394,2036,Debate blue baby senior the use drop. Have budget herself. Yet Congress conference begin financial suffer.,6956,2020-02-24 06:42:15.457971
U25,john00,account-speech-yes,https://dummyimage.com/149x628,https://dougherty.com/,109844,4836,Picture really become source Mrs. Painting happen politics both show. Almost information important TV.,7442,2020-08-28 19:45:03.765069
U26,william19,control-hotel,https://dummyimage.com/145x394,http://www.lee-wheeler.com/,696755,1717,"Whose floor inside size PM reason effort everybody. Tell trial test theory probably.
Apply nice future after about. Rise space head mission agency right. Common win because participant all part.",616,2022-11-28 10:46:44.042458
U27,karenstokes,shake-very-shoulder,https://picsum.photos/708/414,https://www.frost-landry.com/,355804,742,"I body exactly remember kitchen. Single north while else arm evening.
Usually carry discover those none away above. Order relate short production most. Early pretty or become.",4197,2023-04-10 21:15:22.658305
U28,meltonwilliam,behavior-rest-ready,https://dummyimage.com/263x392,https://patton-gould.com/,391773,297,Citizen senior though while young. Raise born price commercial voice financial step. Half factor laugh act responsibility. Effect style great particularly industry than.,4078,2022-10-18 23:17:01.052331
U29,justin94,rock-another-recent,https://picsum.photos/401/469,http://www.ward-blanchard.net/,777807,541,Into American most write in thus. Rise tough discover Republican. Radio recently no Mr at evening.,8393,2022-07-04 16:27:07.375203
U30,josephsmith,reach-thing-between,https://placekitten.com/343/763,https://www.zuniga.org/,774922,2955,"Stop know if go. Question figure majority message suffer create arm.
Six piece hotel fast specific. Court be significant give. Media onto represent quickly partner level.",5355,2020-12-02 16:07:57.133111
U31,brandonfry,billion-everything,https://placekitten.com/924/99,http://banks-frederick.com/,128470,1550,"Prove life speak and. Cold including their. Could avoid expect whom medical. Boy might soon.
Body event suffer them within ever woman unit. Land memory message weight so billion capital.",6540,2021-07-22 23:53:29.911072
U32,xhenry,father-suddenly,https://placekitten.com/72/254,https://pacheco.net/,682296,4884,Thousand process show beautiful special thought. Serious give allow light draw strong fact. Approach raise cover board enjoy court child politics.,5936,2023-03-17 13:11:42.218389
U33,davidhernandez,suffer-land-might,https://placekitten.com/11/545,https://hill.com/,106503,4209,Cover interesting another born always may. Understand choose movement financial pull guy middle. Arm take check buy arrive.,1724,2020-05-06 13:13:42.881805
U34,hollyjackson,box-market-boy,https://dummyimage.com/917x5,http://www.brown.com/,196140,1592,"Hope know move consider investment at region.
Record ask argue fly international board various team. Teacher technology newspaper difference.
Song southern bank. Doctor clear record.",7466,2020-05-06 14:57:27.317509
U35,kylewilson,up-part-fact-friend,https://placekitten.com/217/147,http://haney-perkins.net/,380262,1942,"Might score image development. Describe later receive increase method.
Gun always purpose later good. Control card analysis tax.",671,2021-06-02 01:55:54.339956
U36,haleymerritt,church-receive-fill,https://dummyimage.com/754x334,https://www.jackson-williams.com/,768588,1686,"Run machine main medical save role give. Mind above lawyer stage.
Develop these class program throw note compare.
Stay actually pay central give box.",5972,2023-05-04 15:25:10.541208
U37,powerselizabeth,history-door,https://dummyimage.com/888x920,https://smith.org/,303147,4821,"Subject hotel training after sell human itself. Hit land by so kitchen represent imagine.
Government none respond drive. Type decade stop.
Boy top adult sign. However just yes first.",4822,2019-10-11 22:40:50.460030
U38,lrobbins,something-wear,https://dummyimage.com/860x633,https://costa.com/,587040,4722,"Accept second risk wife ever ball rule. Show financial thus. Kid else take one.
Effect series week. Unit look ability sport between their.",4657,2024-02-12 12:36:37.963316
U39,danielmartin,part-situation,https://picsum.photos/310/284,https://johnson.com/,420317,4346,Republican save physical according another very inside. Cut bad although everybody machine blood wonder. Effort cut produce mention week compare performance. Can feeling nor project meet give.,7303,2020-04-10 09:25:39.502557
U40,armstrongjeffrey,address-kitchen-how,https://dummyimage.com/30x621,https://jones.biz/,245522,1911,"General just bar page test care resource. Book next imagine chair guy. International increase source.
Identify personal reach more real brother. Him inside her provide.",9373,2020-09-05 13:06:28.250382
U41,aaron42,professor-military,https://placekitten.com/731/821,http://cruz.com/,845683,617,"Mother large it support. Hotel sea network east participant.
Capital news unit stage race. Attack beat this defense. Wrong health drop add.",4186,2022-11-18 17:41:03.694624
U42,hardyjudith,material-fear-move,https://placekitten.com/389/374,http://pennington-church.com/,745567,3221,Field beyond name minute Congress stop speech. Each start student benefit remember worker music politics. Hard need west able.,3654,2021-08-14 20:55:21.291736
U43,paulparker,well-enjoy-pressure,https://dummyimage.com/1018x787,http://www.moore-morales.com/,600899,4097,Minute environment heart economy war special. They coach baby here those. Scientist hope any trade who.,4727,2020-02-06 21:41:48.153770
U44,codonnell,help-state-black,https://placekitten.com/687/2,http://silva.com/,314133,4337,"Education specific happen toward line loss stay.
Admit central play although. Senior spend president similar.",9256,2023-12-02 15:55:41.997957
U45,thomas87,argue-above-whom,https://dummyimage.com/591x75,http://hunter.info/,740323,1159,"Agree even detail yourself. Follow take center final daughter animal city.
Within manage give respond effect. Beat score project student character project without job. Feel use girl crime.",258,2024-02-26 17:54:55.100150
U46,allenheidi,give-why-inside,https://picsum.photos/109/6,https://french.org/,902985,1784,"Sound entire hold report add majority. Improve new agreement.
Wrong me piece low hair already officer behavior. Task something teach put himself personal natural sell. Suggest actually body free.",3967,2022-06-15 19:45:17.316384
U47,aclark,issue-describe-sell,https://picsum.photos/348/360,http://www.wilson.com/,594384,4092,Person myself morning deal environment similar treatment. Data study clear leg order garden. Look people technology run.,7292,2022-05-29 00:28:59.628665
U48,michelle85,necessary-involve,https://placekitten.com/23/239,http://www.mercer.biz/,519499,1747,Hope pass price future red miss single. Property lay debate student. Pick number strategy attack it father window grow.,854,2023-06-21 17:45:27.592454
U49,kgreen,green-tv-appear,https://placekitten.com/510/828,https://www.ballard.com/,449785,4866,"Cut room yourself personal first hot. Building rise interest knowledge. Mean soon stay hospital pick write probably.
Mind stuff magazine serve church. Realize account still should study.",5688,2020-10-31 10:21:38.278206
U50,rherring,guess-seven-mean,https://dummyimage.com/413x183,http://ward.com/,634042,4772,"Different per step fly usually. Region most truth writer movement move.
Yeah eat goal student. Development turn take reach sell seven language.",1089,2019-09-03 00:17:06.319618
U51,charleshernandez,nation-they-store,https://placekitten.com/108/120,http://www.burns.com/,592181,3035,"Condition choose near interesting hair. Between college people sea scientist car board.
Father one worry little car good where. Realize international quickly Congress sit trip.",1118,2021-10-28 14:38:36.208783
U52,wilsonjason,item-debate-can,https://placekitten.com/353/254,http://www.coleman.info/,455239,1430,"Explain serve quite have parent nothing. Civil only trip. Where week TV middle.
Sure gas election power. Picture lay international type.",9247,2024-06-17 18:48:47.765548
U53,afitzgerald,save-for-onto,https://picsum.photos/646/982,https://harris.com/,225164,608,"Eight necessary bag future herself piece moment. Career thus action.
Far second me clearly happen. Success middle relationship daughter. Letter scene fast when away.",4079,2024-03-30 07:05:39.674221
U54,timothyhenry,specific-kitchen,https://dummyimage.com/7x830,https://alvarez-blackburn.com/,968901,110,"Glass evening about offer game. Write source power common. Camera once certainly who.
Occur statement catch course. Service physical history tell or friend maintain.",9726,2021-07-28 16:31:42.683264
U55,johnsoncolleen,cost-law-whole-main,https://picsum.photos/116/496,https://www.romero-fernandez.org/,118375,4218,"Ahead American area data up recently stand probably. Type specific billion style operation member black. Field voice detail worry.
Set many address west every off or. Receive somebody attorney.",5634,2019-09-03 23:44:42.197000
U56,bscott,whom-seem-with,https://placekitten.com/502/1022,https://shaw-lewis.info/,1154,1926,"Night past never find himself all agreement. Design PM soon mission.
Knowledge spend method song. Hotel seek attorney.
Help last hour model. Movie conference defense plant. New institution like.",6902,2022-09-28 19:37:59.003738
U57,chadbarton,kid-range-card,https://placekitten.com/157/759,https://www.young-brooks.info/,895111,1974,"Become history this. Stuff build down ago.
Imagine write mind score son. Someone economic boy not up.",3272,2020-12-03 21:37:37.862293
U58,susanbell,executive,https://placekitten.com/871/47,http://liu-reid.biz/,926003,2870,Certainly stand leg small body business early. Prepare crime leave inside thought thus. Official open miss now you. Response political challenge support friend.,7181,2021-03-01 15:49:15.575969
U59,hornemichael,project-parent-fine,https://placekitten.com/481/572,http://butler.info/,526791,4488,"Base worry employee offer pattern. Admit indicate able score.
Serious north understand base hear.
Often another himself indeed. Identify just car go picture expect authority yeah.",6268,2020-11-30 04:43:45.356475
U60,isaac86,chance-two,https://dummyimage.com/15x314,https://www.howard.com/,82883,1458,"Reach happen cup. Through character listen note son continue.
Scientist interest safe begin. Will with almost west soldier then simple.
Five art what north financial suddenly. Tax care billion.",6953,2024-03-16 17:12:42.172220
U61,ryanmelissa,responsibility,https://picsum.photos/503/588,https://www.roberts.net/,661993,388,"Debate TV end stage. Unit protect affect. Unit protect police their.
What institution risk. Thank future effect require family difference.",120,2021-12-11 21:07:58.503972
U62,jeffery36,player-hand-debate,https://placekitten.com/1023/68,https://vaughn.com/,6972,2216,But sure most speech old eat. Yeah TV factor now impact garden. Soon industry foot industry soldier threat.,5125,2019-10-26 00:00:15.713567
U63,xharvey,find-mrs-team-side,https://placekitten.com/322/389,https://stewart.com/,853809,1129,Decade music level item himself. Executive cultural night magazine what.,5360,2023-02-22 02:43:40.215452
U64,cannonbrian,there-record,https://picsum.photos/246/679,http://young.net/,153672,4170,South until cup summer page and. Tough open war modern service person special. Increase ago instead loss.,3684,2022-08-26 05:28:11.965714
U65,brendamason,draw-good-politics,https://dummyimage.com/904x1010,https://espinoza-garcia.com/,330777,3440,Pass accept stock top agree during finally. Because economy report system. Audience catch actually beautiful. North score consumer section.,7795,2022-11-17 01:32:41.339244
U66,weaverbarbara,break-without-hard,https://picsum.photos/64/646,https://morrison-rogers.com/,164698,994,"Speak edge unit live camera safe. Care describe day pick write full.
Determine speech attack direction. Or course still two on.",5840,2024-06-28 23:54:44.638255
U67,anthonywu,let-prevent-hear,https://placekitten.com/755/209,https://jones.com/,753290,2613,Last help teacher campaign staff mother only. Thus by worker listen newspaper. Scientist help degree cup suggest argue source.,7414,2021-10-20 01:37:16.710746
U68,lcastro,push-sit-check,https://dummyimage.com/524x479,https://www.rivera-johnson.com/,417766,2142,"Fire father model find voice really avoid. Back culture soldier.
Executive rule detail. Imagine position remember whom rate site. Stuff nor institution.",6453,2022-10-29 09:36:36.103542
U69,timothyroberts,study-foreign,https://placekitten.com/337/712,http://hoffman.com/,169417,2591,Both how student sound measure learn agent animal. Model remember fly. Feeling level learn response growth girl.,5664,2021-05-04 03:49:29.325863
U70,hayesthomas,when-direction,https://dummyimage.com/652x669,https://bailey-perez.com/,935864,1622,Military Democrat must point bar cause structure mother. Between different rise live test push maintain.,4368,2020-02-23 15:17:24.404152
U71,linda57,choose-answer-job,https://picsum.photos/785/756,http://lozano.net/,149891,2193,Bag write best dark standard stay radio. Car law figure a task full way. Set phone hear take ground thank response.,1805,2022-02-19 01:31:55.036048
U72,juliealexander,upon-with-military,https://picsum.photos/866/268,http://nunez-hernandez.com/,232264,411,"Purpose white garden assume early stuff whether story. Interest when she might.
Modern property strong where whatever. Gas from mention nearly type tell small.",2151,2020-04-03 00:32:06.987182
U73,susan25,majority-ago-black,https://picsum.photos/694/440,http://www.hayden-martinez.info/,904671,1840,"Medical front individual simple. Campaign general believe list focus production sort stuff.
Argue most here. Camera else building cup guess interest off. Choice wide must.",3402,2023-09-19 19:31:56.541673
U74,elizabeth62,until-as-others,https://placekitten.com/1024/624,https://www.robertson-poole.com/,746345,222,"Impact walk business. New station carry issue down scene. Recognize small size reflect claim human approach.
Hair amount box heavy me six present. Any image cold clearly like no.",7969,2021-01-27 04:02:35.752059
U75,caitlin71,people-soldier,https://dummyimage.com/547x226,http://www.palmer-edwards.net/,968053,3829,"Beat factor performance. Study policy into evidence.
Send out buy rate. Adult foot any.
That imagine president wide conference. Chance common manage manage.",4862,2019-08-20 23:49:54.417352
U76,brianagonzalez,those-movie-then,https://picsum.photos/930/764,https://www.murillo-craig.org/,808871,1906,Take treat anything field owner agree. Consumer bed hit eye. Already pretty mission management fly page.,1238,2020-09-27 14:47:52.310404
U77,ryan06,free-appear-friend,https://dummyimage.com/632x280,http://martinez.com/,666099,1353,"Information technology health name learn care star. Audience inside themselves since street.
Those health inside discuss it keep successful.",9849,2024-02-22 09:26:29.987298
U78,robert97,arrive-ground-again,https://dummyimage.com/558x230,http://www.jones-davis.org/,493642,1340,"Suggest charge catch mention significant whatever. Space team wrong side bar.
Whose talk per have close. Break yourself also news skill front policy.
Baby rest drop test actually ask life.",8133,2021-05-28 23:29:18.223820
U79,nicolemonroe,industry-think-film,https://picsum.photos/574/902,http://byrd.com/,255270,4691,Another attorney spring soon decision. Single save course the. Ready place admit sit.,9528,2023-12-04 07:33:04.937966
U80,amanda17,food-off-difference,https://dummyimage.com/403x171,https://hernandez-acevedo.net/,486857,1655,Ability simple reflect test serve month medical. Mean white about if. Moment eight day work although. Day marriage price himself walk morning.,8788,2020-03-19 08:17:29.480613
U81,nperkins,thus-partner-only,https://placekitten.com/485/906,https://mason.com/,884025,68,Wear situation physical resource suddenly throughout. Maintain effect on rise.,5221,2020-08-29 23:26:36.596382
U82,carolyn91,pattern-share,https://dummyimage.com/870x604,http://morales-lopez.com/,271728,592,"Indicate old wait agent. His race reality fight laugh above.
Point than within something manage local. Tv last quickly too indeed successful why network. Everybody reveal relationship.",9980,2023-04-28 19:48:27.255475
U83,angelicabowen,significant-trouble,https://placekitten.com/485/405,https://www.martinez.com/,995163,2240,Responsibility society figure kind. Huge avoid forget leave choose collection bed.,2480,2023-09-06 08:32:11.411364
U84,brianjacobs,travel-my-record,https://dummyimage.com/226x647,http://www.medina.com/,318589,1523,"Maintain base court system trial through. Away assume degree heavy.
Show music argue list within brother. Seat third activity must. Suffer discuss maintain join situation head.",1254,2022-02-24 15:26:44.792785
U85,tuckerphillip,different-focus,https://picsum.photos/106/816,http://www.faulkner.com/,393763,4915,"Large focus stand way live blood. Indeed play chance deal quite color. Hot begin call drop listen.
National threat ever follow party thing. Right catch win study air.",1632,2021-09-21 19:46:54.292600
U86,yflowers,there-care-side,https://placekitten.com/322/186,http://brown.com/,496858,24,Role task floor begin process. Report best which old record human research. Of truth American energy would. Born step very threat.,5789,2019-08-24 16:25:58.079700
U87,flemingfrank,compare-team-idea,https://picsum.photos/509/738,http://hunter.com/,390371,339,"Word Mrs friend economy contain cold. Reveal its represent growth. Help list shake certain.
Leave through return.
Space before act politics pull take. Environmental fly interesting.",8299,2022-04-06 22:42:00.260112
U88,azuniga,show-effect-into,https://dummyimage.com/199x641,https://www.parker.com/,133235,1774,Other computer true tax with brother. Pay prove open hand expert foot. Need conference beyond. Life rather yes lawyer mind.,6631,2022-10-22 18:53:19.910972
U89,kelli15,ask-measure-hit,https://picsum.photos/823/673,https://www.morton.com/,770864,2441,"Live last they cell mean sit he high. Lose where thank reflect.
Task already affect bill. Also happy million listen product player.",2496,2022-07-18 04:01:20.340516
U90,laurahurley,anyone-now-foreign,https://picsum.photos/859/960,http://www.blair.com/,116493,4430,Between ready produce raise force money involve evidence. Start hope cell no agent none start. Address street smile camera difficult newspaper top compare.,9336,2024-08-13 23:00:50.256906
U91,anthonyellis,add-certainly-young,https://dummyimage.com/224x945,http://rasmussen.info/,965154,668,Just carry something for opportunity. List discuss past. Trade together design that herself store project.,3836,2021-04-15 05:43:35.846790
U92,sandrasmith,change-represent,https://placekitten.com/1000/75,https://www.williams.org/,40536,4900,"Sell within me man great close. Get responsibility rest. Manager value little up.
Team will notice already case pay everyone. Name worker center special.",420,2024-01-31 15:36:27.257506
U93,usmith,order-author-event,https://picsum.photos/986/198,http://www.valenzuela.com/,358852,3347,"Daughter another focus tough technology central play. Dog likely perhaps decision inside throw.
Federal me remain teacher risk any else. Arm news office across college dinner arm.",7764,2022-02-24 12:09:53.280999
U94,jamesmatthew,reveal-article,https://picsum.photos/504/352,http://taylor.com/,900729,3417,Stage door specific bill image worry artist. Court list not.,6359,2023-01-18 20:23:30.853564
U95,riggswilliam,bit-show-personal,https://picsum.photos/627/426,https://www.pruitt-heath.biz/,225573,3235,"Necessary ball think until friend seat. Station environmental store.
Sometimes simply between condition. Left people as side sport good beyond. Three always quality down author manager must.",8611,2021-12-28 19:01:07.504188
U96,christopher65,reflect-staff-happy,https://picsum.photos/902/621,https://www.holmes.net/,907710,689,Current hour big American. Camera read including state little feeling right people.,7956,2021-03-17 17:55:52.924902
U97,wendy83,change-suggest,https://placekitten.com/36/132,http://estes-simpson.biz/,370538,2188,"Treatment could fear policy. Include both resource pressure account upon so. Always author many wish where.
Leader off traditional example. Section send early a second.",3788,2022-02-16 07:46:41.406577
U98,clarksamantha,every-act-involve,https://dummyimage.com/302x629,http://cox-nelson.biz/,118366,3072,Little actually southern marriage thank involve even. More myself why teach cold wind public.,6268,2022-08-06 10:41:03.551251
U99,brandonromero,a-television-but,https://placekitten.com/707/311,https://keller.com/,79763,3334,"Among church size institution case.
Expect clearly form to. List word decide left fund cut religious. City each mind reality feeling different season teacher.",8773,2024-03-09 07:05:32.873945
U100,leepamela,new-toward-politics,https://dummyimage.com/911x117,https://sanchez.com/,348863,1926,"Open ok know stand magazine line trouble.
Authority maybe box see reason charge. Difference bad strategy memory tax about hard. Listen life radio base factor become.",9332,2023-02-01 20:28:00.797151
